type_token_canon,type_token_archive
0.11375029438481983,0.08415330252786084
0.06574237383998273,0.11228910917087902
0.15321169707573107,0.10541158775420675
0.1119705759678459,0.10624361516735772
0.0785437072629828,0.09273048695559008
0.06416218676223796,0.09011318073389839
0.12849532116929363,0.11158698384618966
0.23315529991783074,0.1142586601436124
0.21052631578947367,0.12149361922456066
0.2198108820337932,0.11517015308708729
0.05003548039369695,0.10800411317875742
0.1556765299850733,0.11123928806855636
0.096678481819268,0.08906616117736882
0.16521151008362026,0.08917731267554589
0.11513845000267794,0.07783825816485225
0.08863611870401396,0.09051191526919682
0.10440345742870755,0.11856740161265651
0.07414843884680519,0.10929322068823408
0.1736480260826423,0.12548206241695564
0.07268565313038824,0.10837819541600852
0.11178469734545789,0.15854603699493644
0.05105686365938832,0.21947449768160743
0.17813537035877527,0.04909230055076719
0.1824563842357684,0.11095638776961365
0.07167183631146588,0.12114815140586976
0.13361766181635726,0.12919766014299125
0.12141005021826895,0.05437818913181124
0.1951114922813036,0.1281497169036608
0.1069744059852439,0.10135799003438838
0.11278268939578957,0.0900757318865152
0.08894971949403643,0.08876254388417684
0.09830930562851417,0.09400123685837972
0.07339722160314983,0.10175517104216389
0.1831520800966684,0.06405687257271282
0.06727717740764556,0.13715998155832182
0.15139354221125878,0.12301896596518576
0.08967204798424398,0.13915044988491315
0.11541462568815293,0.16581583509921016
0.06859155958536606,0.1368835552222014
0.08555587711148005,0.1402830950792034
0.10458055768437187,0.15167711796641556
0.13127253383769727,0.14731396117788928
0.08289007092198582,0.0982066298140952
0.08845547949979786,0.11186633923873004
0.1111233682662254,0.09438775510204081
0.04651996272668626,0.10974003987810842
0.18213866039952997,0.060581414076340795
0.09716183660959929,0.10054128040813787
0.0757867023277195,0.10617760617760617
0.0592926854864099,0.09895848443528968
0.10455829681208427,0.104692282547324
0.13015600891479512,0.10969334866275891
0.11135722384832424,0.09252740621542795
0.08619197913747091,0.07507510886565921
0.10312706893100741,0.07865414425093462
0.12778427029006995,0.18098560837331007
0.11638966053015679,0.1828358208955224
0.0768634364109721,0.17773383610778995
0.2773403324584427,0.1741950428538337
0.1945582691362072,0.10160469262771647
0.1651541713932144,0.08896557301916803
0.09494502356133086,0.10742001736805105
0.21253895948213858,0.1039172780709658
0.17549234135667396,0.11713909352588184
0.26491293071507965,0.07880952006418021
0.15789241816820124,0.09724122710218495
0.10718520275077069,0.08682582131214742
0.21924737816162862,0.0891962004330102
0.08189644806771998,0.07716169057774332
0.14934570631094357,0.11230018736390797
0.10188856051322713,0.14383636562511393
0.1062194901464473,0.1183252239129761
0.05213527919798925,0.0967906563042242
0.14776689357463058,0.12539846128034896
0.15928928488176333,0.11797275254439774
0.13907854837131958,0.12361417856596182
0.07357375677607153,0.07518347309268973
0.06499758518079984,0.06050344503601628
0.0972002191261604,0.12887966965860845
0.10852569221341157,0.08919545575793225
0.154465567342366,0.08541942312781159
0.08574839576182659,0.11977572359448402
0.06096588513501127,0.12364900252344903
0.18868184955141476,0.1181303999287432
0.1081452032751195,0.13768144447504033
0.0793677220048651,0.11997457492451931
0.14567420109119253,0.11454038321610478
0.08210238455323292,0.11280881039785692
0.11332184843723378,0.09018501739105018
0.08841044434264773,0.0815505620667776
0.06376268174317212,0.07944545327559716
0.07491981060027493,0.06845678541460065
0.08883832011535689,0.06509282603713042
0.062386023369430624,0.060399674878780236
0.06302695991765085,0.10694193683439307
0.03966728700090976,0.07461420679716585
0.053077840821121845,0.08831759156682922
0.07049472881502504,0.08824171679272626
0.06391959641290788,0.10745002324500233
0.07038737845500878,0.06630155629211756
0.07239395155894554,0.09809732991082061
0.08724870221802737,0.14381587438158744
0.15240811153358683,0.11609539314471774
0.16409897292250233,0.07008859636634433
0.23797063526675388,0.13962309736651365
0.1227106953143582,0.09944613073817943
0.1153787677220723,0.07875710730440154
0.15129423328964614,0.09849774170321399
0.08345845729154037,0.07806075419717667
0.14551422319474835,0.08744539801634205
0.23254922014829968,0.07441186147898331
0.206279034916829,0.07579157317377212
0.06536351617625456,0.05179726065493986
0.1129932809690546,0.04947145277144236
0.06036034534484483,0.06784112489393511
0.04350658842692171,0.1821513257167493
0.08662613981762918,0.13378937321030862
0.17455530251738782,0.12322785607322295
0.28830903044256845,0.11577927820435435
0.16580664420657598,0.09824673411256261
0.13553767278863002,0.04899865474743968
0.26132456271490506,0.08343611313156868
0.19796690658158345,0.07727873893829099
0.24163407214254673,0.11840577052387065
0.12755461592670894,0.14396107613050946
0.09486499184699997,0.07028814774706219
0.20025323853121652,0.13947441408958536
0.2489031387107661,0.12479761842586307
0.15283842794759825,0.0892962200323577
0.15593929879644167,0.09969940890475902
0.14741035856573706,0.08757730217253992
0.17871222076215507,0.08159904001129399
0.08665373118674288,0.05985142541468592
0.07870346081877481,0.06607750175986159
0.1039870868971944,0.08534237452321851
0.21439432336543335,0.1365838045449696
0.26619488296135,0.1379904070839995
0.0717519128102935,0.13020773556754275
0.08006366789171282,0.1259703829343075
0.08805052241766963,0.0633147113594041
0.10916402686976254,0.07463025716515674
0.04528708737641365,0.0842599864963554
0.059842726655422424,0.050455650726193346
0.031542375230138774,0.10399971758393052
0.10393283784190413,0.11520576610090677
0.06047147786852386,0.100743252880303
0.038521142351118,0.08115519455725641
0.08751985844614199,0.15447441614056776
0.13844228362376046,0.15192178663855074
0.06489923824446185,0.0958480615573463
0.10222422332282756,0.08981966818946863
0.13222981887969293,0.10455078706378806
0.12874258923920323,0.11570029123643102
0.13369326246069074,0.12472104088593204
0.044042637875732066,0.07497640966200804
0.04167922580148657,0.11520673130502619
0.04045575107663349,0.1452029800821043
0.10122760716570697,0.07824850847530639
0.18369534555712272,0.15143667529905044
0.23253521126760562,0.13377698595682247
0.30455764075067027,0.0940182519058586
0.15694274445804435,0.07934104425876601
0.1673410230086358,0.0844749623178697
0.22357945250299924,0.05859748142730037
0.0890882871334722,0.06409143857838653
0.08867165293770134,0.11893180427149438
0.26515151515151514,0.13905909586056645
0.071501480898914,0.10963910461397898
0.09945542765704847,0.09634777624532054
0.21497662421408995,0.09227208693902193
0.12930163161187852,0.1867807893485497
0.09278986982621602,0.11098273601884151
0.08510151860221767,0.16362264150943395
0.11099900977150011,0.1368345948628862
0.24190950358764093,0.1310081305484529
0.19014189693801345,0.16304157676832468
0.13132131523867396,0.1309148264984227
0.08989607618445489,0.14231358402925334
0.22318897252908398,0.14025123336511752
0.03460017248044726,0.0951487414187643
0.04232564572456001,0.10317813765182186
0.10953298025999036,0.09203241053342336
0.07287312929755967,0.09932520927054268
0.11854684512428298,0.07314857842930168
0.046844540710839815,0.13834453595885007
0.05608267207040004,0.049882286224910644
0.09892776620828529,0.07329422360702027
0.07728964875392093,0.0670919608585176
0.07509608567483861,0.07265674536570811
0.06927243892442844,0.11296041379885705
0.06655788543713827,0.04800967924935614
0.06675679155401056,0.13567626421485604
0.08514426302840528,0.06444828985171264
0.06440344335241686,0.08529152038596567
0.07500284748851513,0.0879218191593662
0.07160425335182617,0.09528570820746288
0.10971982935433587,0.10581754444537184
0.09189715786352662,0.12484435569129566
0.09892807300584958,0.12774688906539583
0.09846987254398706,0.10514215474266464
0.08263249789575464,0.03629377998573121
0.09088016200188039,0.06892336738151716
0.08925528802299365,0.09169470906994012
0.04659937279498236,0.07305260325575137
0.06634116097031698,0.07274926871546712
0.08508574484225187,0.12112891897069153
0.07541183781603306,0.08289228935225626
0.06659819719208679,0.06129720406681191
0.06482289946243912,0.062482145296915946
0.10713944070661012,0.06830111776693633
0.09624975710862102,0.07415136139498321
0.07211191335740072,0.0933872825541215
0.0813437344049589,0.10039991580719848
0.026344852513001747,0.1314865392118611
0.0726320735718601,0.050710237727239274
0.08034774011906552,0.04701886423614505
0.07485713111047157,0.06312393982369789
0.07314999509499362,0.06622037693599551
0.07177906838923788,0.08866481223922114
0.053150481838398815,0.08072414304792996
0.20682915612784547,0.08008405580249087
0.1237006749100941,0.07583378843187415
0.09678649237472767,0.11069626345419012
0.10010521569216894,0.06375184108020007
0.059776692688085095,0.12485164056816876
0.03099081822624995,0.09962935094613048
0.11060294941198431,0.12714087714087713
0.08819414550150667,0.17189556063439296
0.38509803921568625,0.10622324810075522
0.04974019662816343,0.1203021370670597
0.0767393655371305,0.050710237727239274
0.09214317651150082,0.11867422147139291
0.07594045943560507,0.08578626981518865
0.07386496704473218,0.06999551089471322
0.059759748839351735,0.07324538445842242
0.06861925796224813,0.0952203382394876
0.06175649180761932,0.11585549422980432
0.060169269124786776,0.16845642486668128
0.053885841588189785,0.15454815254488796
0.0820511243986043,0.07980416811578694
0.13979930229553383,0.13157679404304068
0.23293812892298496,0.13651320415108137
0.08546855707412611,0.1337748722487082
0.10060165531563998,0.10388771435283063
0.08966770886352068,0.1735558147791246
0.07692307692307693,0.09829287961564236
0.08803010976205099,0.047478256868068655
0.15376662761044868,0.07883187202272346
0.16187433439829607,0.09002728099424068
0.11808075237293547,0.06827346380082128
0.19816392357952195,0.07983660094044238
0.07020438090000916,0.10531964368761851
0.059133636840931814,0.10964244181285113
0.05851063829787234,0.20732494353017103
0.16057362149060797,0.11102895043470468
0.08565669376939279,0.11949086336007317
0.07945293941280934,0.1048976552646375
0.053197891691985126,0.10640046790281532
0.08233108276239612,0.08672178364448384
0.11606597434331094,0.08758094505353593
0.07107668373630648,0.11161020312443627
0.11892703712758898,0.07707289169753759
0.11665981077745784,0.07007179924646335
0.14372614503816794,0.06709139676051237
0.08852282104995873,0.07347938909223733
0.09055483812501416,0.05631369521866586
0.06792083489819842,0.1184829535554566
0.08330805271850879,0.10434061481048683
0.09636992221261884,0.15815279361459522
0.04243011029808694,0.07300387141742365
0.07839085015429041,0.06520757443477737
0.11988898570368219,0.07741971161157425
0.07074364206876879,0.07939383956514577
0.11406961704999156,0.09721715882853324
0.09548278242196487,0.06701561768585897
0.12001845869866175,0.0644475257968746
0.10435714981967054,0.06855679208620385
0.09756367173682348,0.10963411424058962
0.11985187087935611,0.1199375487900078
0.07837100471760672,0.07705008255365987
0.04153045820346015,0.1567648527209186
0.14913894501915131,0.11295613336051447
0.08904612767273712,0.05130571929033993
0.07082492965812605,0.07895584644601193
0.09071707553069726,0.1493838088105127
0.15236396698839,0.09508393285371702
0.06561884188500111,0.12176042039890123
0.03217029476573274,0.11525332976373737
0.10056797226525042,0.04073586313467584
0.09232679904596582,0.08421331516596646
0.13534844668345927,0.10539053905390539
0.07574305846657485,0.12854333686280442
0.11881759192501802,0.0763036809815951
0.10042586355665656,0.11879760832172988
0.05014544762526167,0.0664604751118081
0.11428655738672411,0.07721845476149075
0.07869747727921099,0.07567004837820736
0.11872306128885307,0.06280465470119186
0.14314268142681427,0.11727150537634409
0.08521095340341876,0.11702946213606692
0.13156045734238933,0.1097039382325168
0.10633823971162511,0.0982492513245796
0.053015035084753845,0.06958762886597938
0.13607805973816292,0.0870065272098144
0.07364813655386035,0.10910549538708383
0.07584319627830609,0.07908028159917328
0.07787889715364917,0.09183263410007876
0.12293460925039873,0.10486219050329473
0.14420764110309336,0.061128205128205125
0.10033111360027572,0.062178785070351336
0.08033962058438726,0.06072418427495135
0.07620525650373601,0.14918423079616272
0.0682519310944064,0.11339533872645684
0.14518037664401393,0.09861700335411147
0.11106525083486549,0.09638511973633464
0.13173403591485822,0.08967744934002603
0.34528773978315264,0.09832489287105571
0.30186170212765956,0.12454114663285057
0.09081927227256588,0.11523949422506409
0.08452225905754203,0.07114025521548854
0.09169259283775733,0.07760163239679799
0.08813038467870274,0.06561024746669875
0.0693804547327415,0.38402061855670105
0.1049261665682221,0.14396840593585447
0.06593029973659215,0.0828661729762152
0.09777177770664292,0.08021361233720234
0.07368831260849541,0.07209197901403791
0.10385309626344888,0.0472993725593436
0.4004507888805409,0.07330910859257858
0.36981132075471695,0.13331473214285713
0.37693863789615645,0.06486400646763296
0.06517459942521948,0.08281077093323497
0.07129812813879166,0.10766383808745811
0.08223930281268702,0.06578582717269997
0.07722356077305582,0.0856571768137864
0.1318159848851004,0.08892633944245489
0.08466935510311137,0.10091837153048255
0.21036349574632637,0.10937187437487497
0.09041268507823165,0.12175217369197132
0.05843108326105108,0.10697710546245412
0.06381527937399988,0.10339393385711676
0.13402395597280672,0.07184045886447372
0.05078419880436057,0.10597488615979025
0.06546175354342763,0.05973511780287188
0.1383389276803504,0.062480658342648904
0.0722416592731473,0.06413377317711295
0.06433459055740247,0.0587619041181997
0.07289230074508918,0.09434415315098994
0.0652404461510331,0.17842421387351312
0.16745134965473948,0.10737651700544373
0.14895060952620334,0.09364222997990056
0.0711322957876575,0.08664898320070734
0.06845296766206424,0.06946845768497584
0.09938431399986007,0.11899934597776324
0.05447576046186226,0.07064622124863089
0.11219661395081053,0.12252884420754336
0.06915743077070491,0.10848882230480378
0.06747401526483335,0.11009211322530761
0.06449180566154293,0.09685674656664518
0.11695145745875954,0.08789348746000619
0.12728723707461664,0.10138977320130854
0.11632515328613892,0.10205133953592646
0.11063504451842059,0.09729099471524402
0.11911436388968157,0.12487983231683293
0.059299581221360996,0.08113544926240501
0.11102456123268664,0.06693868394116574
0.10647102653751361,0.060946286115042145
0.1162205252999916,0.05968866156634032
0.1105931105931106,0.10043209725850158
0.1208511167281316,0.08683853459972862
0.1068590759409735,0.18837174044875682
0.1009537917771194,0.06535263001332144
0.10837582220838361,0.07793885460025836
0.11057064895005339,0.06107248435203382
0.06781315443864692,0.06087282425848289
0.07644523859575363,0.06163508430959708
0.07118090606648467,0.08439199778740665
0.08006174015014082,0.07764136842282049
0.10952300405953992,0.06866302122476482
0.13938166599162954,0.07503607503607504
0.08183532035792995,0.06506866670045103
0.1636676464262671,0.15001637733377007
0.07317018004161766,0.10579772488289839
0.09753289473684211,0.0826653044116106
0.11016949152542373,0.09175209278101698
0.05769917582417582,0.10973288928158771
0.13523658182415957,0.09484581823559861
0.0890279052333622,0.07043634981548005
0.11671993827840846,0.07379116080544178
0.15531587057010784,0.0690515359719579
0.10243563175972975,0.07841167969037062
0.05888693481590741,0.08353499518361018
0.11309716206606762,0.07396522892114664
0.1152746579538493,0.07799176286327514
0.13249606819684087,0.05402673953792994
0.1373679154658982,0.0949987168455535
0.11638079098632835,0.08878778153259453
0.10640696891992653,0.09393748238420552
0.11343214983339078,0.08193259446129425
0.1582099917531143,0.07850452984339275
0.12614044637996732,0.12027457996266334
0.062409849374561566,0.06188587691877012
0.2551664128779639,0.08057432162649929
0.11173197364438546,0.07312752694278798
0.13488335527996698,0.061821367966904385
0.0720579121797002,0.06182590696154265
0.11955378777488228,0.09099128475721824
0.1921665297178855,0.08750845764732416
0.0596044897041952,0.09316397834354334
0.05658173199018031,0.054838930018232354
0.08034469648967178,0.08226852446385001
0.13895628870459567,0.0799300338898346
0.10145179015559026,0.07718008177213645
0.08559082864295167,0.07332358247835417
0.08350284594569375,0.09905158724377558
0.09414391531891265,0.06964934493008917
0.10218713131863146,0.06807443091745802
0.10202821756073721,0.10897064192599275
0.205286009358007,0.0741878515352537
0.10786615791018492,0.05477541358021261
0.09199161341452404,0.07554779386933995
0.06648490775847055,0.09606534744592729
0.10407642996807168,0.1378448104782695
0.07700664559130103,0.05728281783442221
0.1714218529550086,0.07114256860903921
0.10805711590412075,0.07253543236454969
0.08050348332379767,0.10226553600810025
0.1915811628518811,0.10660770899382613
0.11531855563862677,0.08076742658786003
0.06473259378321168,0.12517845925418308
0.18204365079365079,0.06676227043530554
0.17257340830351564,0.08049993932775149
0.057671590607850105,0.052565084440667924
0.17214519395544478,0.09840419596027229
0.11935855435384224,0.09944229243477855
0.16541134808002325,0.060059717821895016
0.12913963328631875,0.08604062281127095
0.10207246047954012,0.0739933215478295
0.10429524343868836,0.0842191662854221
0.09849468271007039,0.08224911925773483
0.06177444132972237,0.12035126234906696
0.09204142628762077,0.11266176622838803
0.13273470839260312,0.08163432408089741
0.10635334129310033,0.06880937047174368
0.0876193999286573,0.24767080745341616
0.12865242040994332,0.08525300640324848
0.10181171142025235,0.13754572928264674
0.2873172390343421,0.06853775042182561
0.0882527204150349,0.08371665133394664
0.129056743117384,0.07637233853971756
0.11836373627846507,0.09030308551992225
0.12421356703958482,0.11878672791193
0.10100098594609047,0.07128293223305024
0.09372655066472228,0.07380697652917013
0.10366929865304227,0.09301321743272208
0.09700178172807143,0.09991154629420114
0.05968530366657139,0.08954901664471838
0.1393319378519414,0.08680248007085917
0.11946219445566192,0.12162053535542992
0.12014801201976805,0.10544874320384524
0.07282871725508015,0.10232965931863727
0.2404186320754717,0.12078917894374085
0.06257466662361565,0.08692072925869408
0.0790225637993891,0.136242779866141
0.12676655692176755,0.07942193802666557
0.16103038309114928,0.09476629136813375
0.12117835503865172,0.09378510235217194
0.16520605815468967,0.1111670460514796
0.1484667374183098,0.08286909008322979
0.10485556908869458,0.13847885648747957
0.05201879887285999,0.11396612777542144
0.07524803204620616,0.20017142480385047
0.11904142268488398,0.08958611696904328
0.11749848454233179,0.12320767923207679
0.14316497155662816,0.071154973975515
0.22857764245324053,0.0802103207050059
0.06572133370362505,0.07087482301603881
0.08930704545185746,0.10285607616203099
0.15525899748907282,0.1722712908192205
0.1211043771043771,0.058765312630583474
0.04465131446140468,0.06256592417943786
0.10898020199073906,0.081457588294416
0.13548026285128395,0.0763919195445773
0.09083411875589067,0.08127894201842022
0.12258369809535076,0.07923793028794111
0.11653768615464655,0.1215762034562151
0.10406981767908062,0.09608953797857094
0.09048560649254546,0.10293811860600516
0.3060869565217391,0.08647119602960855
0.12582456140350878,0.05069139438804103
0.23703392206335858,0.1116846895336889
0.09871470533303904,0.0674388528598265
0.1718779431154643,0.07136431487687456
0.10625822663635276,0.08558414473431683
0.12627636506997833,0.0893000922279641
0.12676289418038061,0.09019151930490119
0.13457531179050167,0.07767622692205915
0.1264176190580648,0.06646111397370477
0.1017932946374426,0.11164827974773268
0.10216913341913342,0.09050832208726946
0.08636603615576471,0.12115762480434276
0.06462318366228488,0.09380855050246976
0.08920597385005682,0.09784934377412595
0.10068846815834767,0.11196516639267784
0.13448275862068965,0.10278860843194929
0.11239209613123405,0.08503534163581286
0.09809943633473045,0.07273275208097352
0.11624760046574567,0.09322941911783464
0.11405163853028799,0.0706261960542011
0.3081232492997199,0.0720320273174178
0.12203756024596975,0.059174923780487804
0.07457162440027416,0.07142537179716897
0.09437154051868897,0.09030462347301685
0.13502293129306409,0.07553674791873256
0.12248892722658129,0.0998012615570725
0.07821289127125934,0.09898899938977125
0.3081416575392479,0.10012033694344163
0.05747512521366564,0.09675941287070831
0.11410536537994659,0.10478353147216408
0.13498120331079883,0.09006605509822664
0.10284033874821506,0.0918065411505931
0.12630858966807895,0.21437686091025096
0.09648052428808424,0.14813533256439831
0.13617040938915073,0.08950208567834204
0.12267210456488625,0.10957365413729672
0.13455258001306336,0.1161095305832148
0.10611354414890191,0.10188795561377822
0.08559338334295057,0.10452232435981615
0.0922459174903309,0.12473471235745211
0.12030683997443001,0.0705153080007562
0.0856468071832806,0.06522699272414514
0.11255462947484059,0.1369708725714107
0.11288905771467914,0.09646214787235852
0.09419787948212478,0.1244855257409579
0.09451150509241796,0.06888596935872635
0.08370237758723578,0.08165609778513004
0.12252856530047186,0.06565601483258807
0.10284709491563471,0.15438380675464103
0.08675877197395829,0.10888652387920714
0.08763006859222622,0.11345349513288444
0.08171242095171372,0.11436990150874417
0.1538309701615291,0.09532283577796952
0.0779865730664296,0.10686298770931288
0.10657961285576348,0.06598581650399854
0.14580209895052473,0.08530805687203792
0.17951687624090007,0.03436030080640201
0.09377610387326524,0.11766450847370186
0.0879546137661557,0.09301929170176072
0.10900967285401827,0.0632642311599383
0.1665273520943624,0.094445779555832
0.1062621811710872,0.09220742947584024
0.12230328704793285,0.07523104730075368
0.10556476905141131,0.08214922249292804
0.15063219829744617,0.08814607173028186
0.1332821059415512,0.05398447822851328
0.09949051562474069,0.06978175063849547
0.10778402316470789,0.08293579526321697
0.11858162560442091,0.10966096988362406
0.15727443495122098,0.12311690933407353
0.14563004931276885,0.12532764927845147
0.12687054631828978,0.11983698909265253
0.104109913537842,0.06267343106202876
0.10744108624176307,0.12303546242192222
0.1495296905291879,0.06162897738643186
0.1495296905291879,0.0604294322081442
0.1058440295604823,0.04605256727301162
0.0833393038818118,0.08932710864807168
0.10368933898345663,0.21827057182705717
0.24141247595493268,0.0815193631363299
0.09861397742617646,0.06639073000304206
0.15049299429164503,0.08200595807362948
0.06309443261767635,0.13461397731430663
0.11422094496903058,0.11257159405367141
0.10158411208522,0.06706845454615072
0.10346928721445796,0.06654130585930093
0.1200210348665142,0.07070443143812709
0.11434667509581571,0.10125359757393135
0.08749514185775359,0.10045146726862303
0.09796538990659619,0.06441198094811879
0.11671769079378963,0.07951029861857888
0.11881990598152051,0.07992505422019172
0.058255336085037496,0.09802633739450264
0.11411324499204102,0.07259760915294239
0.13815337657382679,0.08052101835405566
0.1970303867403315,0.07993765726518196
0.13011665984445353,0.07828838999833429
0.12548494039641672,0.08702059251320524
0.12984013287657012,0.07289057418453064
0.12451259672303372,0.12406523110190107
0.11995358836979149,0.06987084091201382
0.1365096914625298,0.1202533860637665
0.09194871456532736,0.06070846453837161
0.09786536179517606,0.05516714004806642
0.1989923384410393,0.08240275132565118
0.05620289808196138,0.10353785254824345
0.059741502687326364,0.07665482890806292
0.2015541822186869,0.08462504544402948
0.1606005221932115,0.08516697247706422
0.11922831185426438,0.11065981196921067
0.1346083941503789,0.10683635233375352
0.10268524499400203,0.07061712190816719
0.17521968365553603,0.09348803536046335
0.09015695480069963,0.06997048479171453
0.182884274355014,0.042966843379549306
0.11949628555897808,0.07007940327237729
0.1505623512026927,0.08281573498964803
0.11020094942356426,0.08574316075967099
0.09629048493102019,0.09778448665224523
0.09385569334836527,0.09054102275534572
0.0902629631242109,0.09317152284547844
0.06561330513005277,0.08288905319687123
0.15962422221318476,0.09194756958690535
0.159391771019678,0.06911076773278581
0.13595633242885088,0.08434214014314748
0.06846059091934281,0.08997108410890073
0.08083261406290773,0.08839355185148656
0.10274246085951455,0.12480863032719763
0.14475370341893484,0.07069973492138422
0.10936065138869049,0.06302168921198402
0.09139412290462032,0.08576168853849608
0.10376627402355859,0.10331526659803787
0.14197245941995537,0.08966421443659407
0.10424559430987705,0.18813042458362655
0.057472746022392454,0.07429087503344929
0.08723437888128627,0.07400814926013297
0.11491318595767024,0.09293049941878447
0.11035130761601504,0.10613526907238081
0.14159950034202778,0.08675232506899831
0.14616950498982176,0.06314536084392268
0.06513938946371378,0.08887079167605219
0.11300095346476793,0.08272040955189061
0.0597359900373599,0.1227085082563672
0.13865301492903345,0.07043853443207748
0.07016622689539204,0.11557145233738146
0.1492975898956051,0.0660081432548091
0.11563866548423596,0.08548695098663271
0.15379108363163033,0.07407829210970421
0.1347888214762585,0.09138846396112661
0.11674978949413822,0.06037997581801652
0.08669880560184184,0.10250912314702183
0.12893535767511177,0.062177140706783894
0.16100023664904947,0.09358820662126023
0.10460101716087203,0.10648517784016277
0.11898214420251639,0.1117562317195617
0.14077079107505072,0.10091835501671567
0.20351420156741376,0.0943010325655282
0.07715405005981843,0.07706212743979858
0.10341005798879807,0.09438264738598443
0.12082804226465726,0.11278479815964454
0.1205207460184409,0.10268503268952438
0.15508021390374332,0.17116199260013942
0.14366326063748666,0.07793052091582842
0.10132425873166614,0.11340407525551723
0.09830757165625237,0.06478573134218696
0.10708854680788624,0.11505831153272536
0.11407325369828336,0.1365697704724341
0.10614705298670371,0.10478036175710595
0.1171718224700946,0.08054977265429988
0.10390818155011682,0.12782241466054794
0.10441967213114754,0.09113188806356884
0.06295335580373092,0.08282243693494859
0.09067843913330288,0.10002187166798808
0.07745465884743444,0.08947524641003858
0.09983926292939169,0.07495886556891117
0.10246913580246914,0.07508101336591123
0.10311524026979503,0.1230362624554722
0.10293559064517879,0.08029085448933626
0.10536059459312297,0.0820982687465933
0.0941572346283267,0.11279328876654869
0.10186169487829476,0.07789201888855289
0.14934839544350131,0.06619852317620535
0.12726704597237232,0.14478281543964108
0.11043751494245022,0.07926391877724438
0.07804731521378853,0.14420287961535447
0.09618159084351255,0.07283053956924933
0.08921000956648709,0.07563617152417011
0.10218183659005771,0.08624936300322746
0.08222723098756157,0.09670556771213226
0.16713181278670644,0.08227457435317113
0.10626526186369768,0.08351864841872753
0.1047896990202524,0.09929181839808224
0.09604140063176289,0.09223785575709631
0.10437636761487964,0.0793797585416218
0.10013133141660455,0.09593234335179464
0.2629614820738371,0.14607446660158974
0.10478146506683962,0.06949301044289559
0.1674909134242984,0.06432606391770619
0.06788356885481694,0.06334913888411174
0.0766376233999939,0.08574140476692681
0.06790482217658785,0.1218277492839539
0.10318607288169508,0.10840597964798303
0.0977956721800771,0.06431904021328594
0.0970036082204675,0.09193904361534419
0.1534988239247312,0.07440630072746948
0.1270801369054644,0.03738758504168529
0.04332207950919337,0.07662182086251382
0.06100069421232612,0.09804514074521745
0.10219917878766789,0.08942386886839583
0.1489029155395251,0.09298877649993072
0.1417747975267787,0.07879640941201466
0.10319015733028472,0.10458106057499077
0.15831454829200625,0.07866742722187196
0.16884906960716747,0.10240930673217807
0.11495602265951103,0.0860533659423698
0.14069414995802085,0.08297880747599541
0.1282813117344923,0.15590049690014307
0.10170865996101808,0.08313885271477751
0.11639203937513375,0.09332595189764409
0.20441705187467898,0.09918182928318477
0.10048806650576562,0.10061820507354509
0.09644800658681864,0.09038663607316708
0.1270206993942547,0.10002944207272192
0.13107608089614273,0.09160726753153972
0.09457843332668926,0.07514097705562298
0.12441286442324324,0.1198626183329485
0.09545978227645717,0.10181370200533844
0.09960413159211903,0.0730986184156743
0.05415641553127816,0.07323100936524454
0.09549482377907144,0.08493181062202018
0.15617859200826595,0.08882451486807204
0.06700126654971404,0.07832083256117901
0.10895575855274942,0.04851419834212047
0.0999888005375742,0.0471985450402086
0.18200408997955012,0.12321725041505811
0.0869777059466654,0.08710121643332568
0.10444124107633168,0.07469307974436123
0.1169781648823565,0.07967682324122223
0.056600852244040684,0.07601057314164142
0.05296904329172005,0.13173850733105502
0.09039853237442459,0.06490981075426056
0.10196957729253191,0.10641932631240453
0.09095392268273333,0.09705523610385085
0.06035299511002445,0.08453040624007341
0.10432190760059612,0.1217571590586901
0.12000937207122774,0.07294939764882866
0.06432520129792092,0.06242578061331409
0.07699554452153481,0.09556025858978362
0.08957334800031429,0.0796005023622989
0.08618560679143353,0.08905695502937926
0.08702875158105379,0.05270429624936199
0.13510723706847116,0.06927722226001255
0.08558766503554611,0.07536986646964482
0.10124062422238811,0.2375382901698691
0.09942606347062795,0.10054436037655755
0.11851945290396987,0.09069328956471019
0.08320795322528425,0.06599022994456105
0.09380767267444143,0.07348572164911553
0.08876782884310618,0.10406768073833533
0.0857974362961811,0.07535580524344569
0.08418530681372245,0.07068056582619689
0.08770851264396082,0.07748192771084338
0.105891331882693,0.08782618072029329
0.06301086166251735,0.09278663386895825
0.08024454014149493,0.09670510393360487
0.08736864228667507,0.07240470753557
0.07963424459892447,0.0992515302400812
0.08673621460506706,0.07581909168161646
0.10093668826909453,0.10271651680075722
0.11709618700900555,0.10105817426965723
0.10132552345815188,0.0932076852337114
0.08240717276665581,0.07559883881221517
0.1432646875278595,0.08882398310763823
0.08657019776424775,0.09933062864407179
0.0813403754475501,0.07693008367057476
0.08444599333493062,0.08942094569634282
0.08636394611907412,0.09288790434651
0.082414787179922,0.073978619525564
0.10501553908677982,0.08103588276235403
0.10092906796692254,0.15269269126656218
0.08573008849557522,0.10642095938582127
0.07817141773592061,0.102456735483529
0.08067281046594058,0.0986087099695398
0.08765344873266802,0.09613735407879308
0.08268190018039687,0.07759879554896479
0.07796499619523861,0.12744263789697613
0.10547899396307443,0.10156217044671607
0.06146792685873855,0.08103253182461104
0.06194851779835319,0.0755843937776605
0.14072652594014073,0.07731710805153608
0.08044548383403928,0.08028447833418872
0.08279213607245417,0.06948742096058119
0.0835603252298933,0.05897262588712403
0.08200460576817634,0.05546474952433247
0.09368353768377012,0.09854905074713058
0.08019296753570486,0.8
0.08147465929870927,0.10215926110833749
0.08589824783618324,0.08965019360766555
0.09625504400972225,0.09894336824543516
0.05785311234048668,0.09594902562671503
0.09166876415806695,0.13140753808053737
0.10597767925393671,0.08182073068155499
0.09913326110509209,0.12303484361993103
0.09072752569453794,0.12076224683228574
0.09619086908690869,0.06395440873832516
0.055728328432499585,0.06532012987763308
0.08383315344363532,0.08862038616583182
0.11297318611987382,0.10858977349119894
0.0878728008279236,0.15061434799841458
0.08913499754387531,0.1058442075111394
0.10896560385563353,0.07422413687897389
0.11607445725915876,0.06527433273283467
0.08761496091642514,0.10451873976298294
0.09377830418727792,0.08854166666666667
0.09818056985925164,0.06256866725014432
0.08432064204678413,0.07172941516895476
0.08291600846973414,0.08701859585251812
0.10051111813678996,0.06286978866606312
0.09405853535987942,0.11507836516655748
0.09447113830772877,0.07069879193425248
0.07723421467194619,0.10850052798310454
0.09976621264484652,0.08535971826261948
0.08951652752854282,0.0941980228766627
0.0843954529796762,0.08381050441799136
0.1326132795315605,0.10286051893062872
0.11624469657497102,0.08015449495707715
0.11312650924441003,0.09547928738333536
0.07433762611762776,0.1258765985031528
0.09418908069048575,0.1500384151026232
0.09368744161217137,0.07086498407253124
0.09236501826078374,0.062432573261215776
0.10225055907122806,0.08129474172117217
0.09928708050773778,0.10512281045112046
0.09992120555500837,0.26407930816283487
0.11397362543218187,0.12801711840228244
0.5395894428152492,0.1280226458546571
0.1794492451497932,0.11337213814513
0.11041016119503756,0.06333405535726058
0.23025884068538097,0.08425355951318077
0.09241163269122872,0.07975966069745523
0.20927712708322585,0.08137700099974705
0.16649638478465892,0.07449729940782196
0.08986006458557588,0.2625466169419286
0.10173747914670074,0.09117740736808579
0.1256875400599222,0.08905912978802528
0.10867920135048606,0.08720180045011253
0.09065504369043398,0.06553883446116554
0.1755632582322357,0.06373753569700477
0.09089300329594974,0.06842908084410008
0.09298151139831269,0.0775995861355406
0.09262613766899355,0.10991036436304373
0.10330993766388745,0.09321543408360129
0.08459992556754745,0.09719821208864801
0.15886884316537167,0.07067933502602222
0.07432060648671782,0.06535359518818919
0.09043354716493736,0.2045065601825442
0.18536306460834762,0.11874395690409319
0.12262672533301187,0.13208905786456984
0.11065930874237584,0.08007314169076374
0.08304782787446896,0.0837710720693055
0.08598482363489252,0.10920715725042801
0.11145321259163432,0.08710855083801532
0.09361116476723971,0.061887367377657036
0.06388407094500084,0.13865201705477206
0.08150119657355014,0.11044327573253193
0.08590516302374555,0.08957298907646474
0.13032820806672396,0.09904087048045422
0.1029243119266055,0.07158880117337475
0.05445289313489742,0.06324181102606216
0.08212593094109681,0.06137967470470584
0.10650987690876021,0.15606034333275534
0.1508914750902941,0.09637973422460752
0.0901567520202512,0.13044150025107187
0.12687276329889402,0.08457774161385333
0.09174538494782984,0.07883562470512075
0.09939913887282309,0.10024203698325104
0.0802540329224271,0.14926294300567333
0.11298985072188528,0.05697294747166251
0.058488605039991565,0.12329174897843206
0.10217535702424443,0.08849179559952054
0.12019950124688279,0.09232892178385499
0.1297051922880751,0.06517356709784816
0.09000932949336794,0.11280649814013513
0.10380314172577347,0.10777455898631622
0.1407976137870084,0.10190437988271923
0.12691149554230383,0.19271210013908205
0.0998840654386191,0.0899214138268207
0.09968228752978554,0.1472463768115942
0.1245645144466465,0.12285019316068108
0.11689807476912023,0.18420007939658595
0.05684714244519091,0.10041380131582864
0.10096273549672172,0.12234765094383812
0.2779095040505829,0.11703797409047251
0.10622283649442991,0.08286894767022981
0.1121004621452249,0.08206851335846582
0.15943455939236234,0.1296235047682046
0.06217095157890277,0.0679882159085235
0.11625081011017499,0.14166687392742558
0.09604201024216648,0.15310877772534215
0.050481689666263346,0.08325592315466043
0.11518098599596258,0.08478441400946443
0.13219827757272692,0.07890736453144367
0.2608695652173913,0.0810641627543036
0.13540090771558244,0.07771821517235318
0.09957590799663112,0.06212822207534699
0.13844945799977018,0.12177121771217712
0.06792625704528417,0.07137873084823051
0.11076341352109004,0.07956607994597105
0.11561397440332065,0.10989455789196738
0.12542251690067602,0.11152023332118119
0.17102266565448432,0.08169050144471672
0.09293739682990468,0.15942071645129957
0.1704039378076412,0.11603024394883256
0.1215823719352902,0.08534113241415595
0.126839740207761,0.06766495193794897
0.13130718112033576,0.038539248667645985
0.1528529052521375,0.12475191849695687
0.10227523051263493,0.0892419460069475
0.0811328485096794,0.10678891827101303
0.07696573823021938,0.12845222705370785
0.15267841835382864,0.09962555005876404
0.0989122074497308,0.14740904443051753
0.12099893730074389,0.09320569252788205
0.1270854077340432,0.0889935941553285
0.09348396667807829,0.2941491259364966
0.1149605539337499,0.06007789144565426
0.11028811500706848,0.1681720430107527
0.0926478882585183,0.1687089392485421
0.12666356067818582,0.09542196275495123
0.07352114655051285,0.2110850982740785
0.10357445905812473,0.15846013785927948
0.12002565604171896,0.10003794506397959
0.09403669724770643,0.07313071258288373
0.12655787265547877,0.07751584382309268
0.08890147225368063,0.12175005542827581
0.21729970877997398,0.10232882105326913
0.12819842291599615,0.34194659776055125
0.13672778106349803,0.09484258931729748
0.1312875040978349,0.1773802583535332
0.03825629506345982,0.06452869855193287
0.13181612351918667,0.09379856326051898
0.20269165803955758,0.1470604172311027
0.0892759496928174,0.1087922468686586
0.16608072916666666,0.09897080187424549
0.10528566456168266,0.11913881385316293
0.08218385142125229,0.15891646590845426
0.06233159036951804,0.15557613823844396
0.12527413966262888,0.10791540939358059
0.1575156362144981,0.14588785567125118
0.20535714285714285,0.2693576252552222
0.1017253236850761,0.08083912525276873
0.1294901190086254,0.15366782579897334
0.09874652894921236,0.1069992872416251
0.17207919681417916,0.11653060163278041
0.2626632685568652,0.08338637810311904
0.1715724244771495,0.13005095180808152
0.15384615384615385,0.09695211208699289
0.1485046950209106,0.16555777786848444
0.10370963844696247,0.10301635269861892
0.14742057455778174,0.12386123680241327
0.14130068988726233,0.12307643794147326
0.2900267249757046,0.1395309635685539
0.15017309299271817,0.11275942706810874
0.10787265875044978,0.07872060047002812
0.22672979662111267,0.16335584690769434
0.1551781477950469,0.14798460144927536
0.15664675130694547,0.17356969295339075
0.12149413293012756,0.11542649727767695
0.09437516052624069,0.14947270109351285
0.1064520655027961,0.09074659497148935
0.20676956828331897,0.11378510936933244
0.10075036050116137,0.10140208238271041
0.19083610588745842,0.15533308329246126
0.19461041336422388,0.10749956194147538
0.13503323742434764,0.09304209341277904
0.14673452078032231,0.06935352209613138
0.11952712772384903,0.09807673228737049
0.16786084552470915,0.10244656865485308
0.12116598383346251,0.16033576906818045
0.09038931220385148,0.08295895446191545
0.16993820951286104,0.10752310869608807
0.14593770982903775,0.09123201165826705
0.15050467806609208,0.12572658295247816
0.18159087357399595,0.0849939773039454
0.1734530045008291,0.08271162283143665
0.1430973890170544,0.08501324654715636
0.12954514032904743,0.12351154872549922
0.11219278196337368,0.09090909090909091
0.1782662648466584,0.09891295659819359
0.1116345963102559,0.06919161920734193
0.13315402546171776,0.06578621031746032
0.211288562642595,0.14903367204622434
0.06391847689339931,0.24038349117268795
0.12293577981651377,0.1156625880704304
0.11594743219312145,0.08501878696940762
0.15930328838419683,0.08998060158459345
0.1765244156060228,0.3101400084853628
0.11876441753171857,0.12661030921169605
0.09260551381699579,0.1195094014234051
0.18925016589250165,0.15374603174603174
0.23570381231671556,0.08040709038215273
0.11436517869559171,0.0769549352698814
0.1498513563730955,0.13743367242238574
0.12925058854302904,0.09922127192252654
0.26844303042354345,0.11760313323884851
0.2064201815269621,0.09116710461097645
0.14729957988652606,0.11578529052769025
0.20444754919082547,0.1665329300660453
0.1708654346079312,0.08379082873410901
0.10020172162415866,0.09615062653736686
0.06594606107398632,0.07877226222053808
0.13486875876937818,0.15101427498121714
0.13036432722396066,0.271193092621664
0.16438480782351603,0.10082112710230248
0.1833676168086982,0.09570027134209977
0.14722685074982148,0.0921593542118245
0.1232781410880757,0.08734633967341447
0.10526207520776763,0.1602779439510377
0.11674335571144805,0.16247727029628836
0.11091456331185975,0.15771022186607903
0.1380733379871063,0.16230765566195035
0.15434268091515455,0.15541173845123857
0.14034949155889032,0.15083723442563918
0.21452420701168615,0.07929477572760855
0.14822196787307101,0.1596301750940926
0.11393941846583436,0.15023015762309946
0.16028477968058497,0.10115694600918623
0.15738084453168252,0.0953408886490376
0.07496021716746232,0.17402658061228823
0.1424847958297133,0.07134495771891816
0.16696999636004367,0.1032487761459724
0.12939842621711725,0.08463365204093051
0.23138297872340424,0.10987844877484082
0.17414940828402367,0.16608842629659282
0.24739415776605328,0.08712371567626029
0.13939467648898465,0.0809193719973709
0.16935203431088444,0.10016097077761268
0.09925945845313695,0.10252145670217941
0.11232426826457709,0.12051314727496708
0.09602388158713047,0.09309361360162614
0.08519652326026349,0.14484573176216606
0.1351826000810555,0.09256754999609913
0.1357663968639977,0.06444998544432771
0.1836107362423152,0.09092480752385781
0.19617478076806774,0.09668235010254554
0.22183690626313576,0.09499952285523428
0.12663755458515283,0.12491825910048682
0.1696794238101963,0.09413093765129915
0.10424821345207742,0.10541571879357159
0.16071428571428573,0.108425770115732
0.31036993882901254,0.09585230146686899
0.18497280431757812,0.10132464986879959
0.14690458849235252,0.11492375839474167
0.13849080258521929,0.10536366851349759
0.13673116470368293,0.38469827586206895
0.124835255354201,0.11794364566245295
0.06147493621825358,0.1313332312873106
0.09805768098881695,0.09094516833123883
0.0958562568255342,0.09420434813919806
0.1492960093310006,0.16143281664123363
0.15051407382437215,0.1121767156670073
0.1218415805691499,0.12297726656978893
0.12587550233740671,0.1660670767088314
0.14176989717431787,0.07945615062930564
0.08837109160067941,0.08232451788256612
0.10702467806881155,0.09022048585856486
0.16648106904231627,0.1278435033178433
0.1289934548027596,0.12850732551224522
0.13579495237159972,0.12936743548755425
0.2839032333100721,0.08916600187541113
0.12200730736456278,0.11593302042369656
0.17321252869793374,0.08644847908422358
0.0869197493206145,0.07595079721504329
0.09956000498779771,0.11315538608198283
0.20040293458014977,0.130839582952259
0.25837002575392537,0.13410759111563025
0.11010837212852019,0.10749551166965889
0.09204969250907653,0.07686310105664944
0.15978439401300112,0.10594642622087666
0.20887803476511996,0.12742134139514052
0.14592805666388295,0.2066151371287323
0.09919654771030292,0.10458015267175573
0.13842228364873485,0.13959208009340918
0.08638773274917853,0.13625686841994883
0.0790736382195753,0.1188625042827399
0.15351587245723938,0.11118818749380636
0.08675618426178418,0.11572611959616878
0.14210086814035197,0.12102382263839163
0.15273210662562092,0.1108067776119685
0.1334210841210961,0.1339319470699433
0.11340834582626316,0.09911427269304694
0.13924607384026286,0.17471617060447991
0.21507648102763458,0.057346124824835615
0.206078249746372,0.10350966848551788
0.15239154616240266,0.10616391467455297
0.2110707604269836,0.09333116826340573
0.22483043350044235,0.17128116938950988
0.08831504043381996,0.05429311543078576
0.16107314859174462,0.04543840682334074
0.1467823571945047,0.04388929823125114
0.08891786478170859,0.07018480462779456
0.17135394804346812,0.07292565119889598
0.14824969863143214,0.10754140834644212
0.08975353739658073,0.11698132888286221
0.3024450380110951,0.08425240709795496
0.13323014644600548,0.08968659879228208
0.08694102551917503,0.0968011060259344
0.20672082151889035,0.1135917741912386
0.15712309005799746,0.09049834884419093
0.08381871478605148,0.06217706758329617
0.16744508962383237,0.11702624036261026
0.15066253956108927,0.09725006153954355
0.07107457707886586,0.04770626718686402
0.09754917018048458,0.04724250509021976
0.1348567460521578,0.09529165742530338
0.10130588579483497,0.1354609338110713
0.16916916916916916,0.14348032006381334
0.11386495288048647,0.46326836581709147
0.1404496371039122,0.1277266422897491
0.13582514937160908,0.07834241060857211
0.14674319273892153,0.08361239313368964
0.09454478437154441,0.10328772084120127
0.07977043501884742,0.1087807749398577
0.10311820159535895,0.08396549732373214
0.08587303561802878,0.10356313849946887
0.1427532609189656,0.09642115950251579
0.10151840368868749,0.11407085128146024
0.1139270866645347,0.06117300999598108
0.1957149146407083,0.05913237165888842
0.09115621184546983,0.05867923354915388
0.17992601506440256,0.08437735849056603
0.08968002453485995,0.10017546658159196
0.14019347792167264,0.13084563758389262
0.11701727553092796,0.15495049504950495
0.13958810068649885,0.1066009378381628
0.28049559330693574,0.11236210299149546
0.12974816369359915,0.17158426368952684
0.12055730722881622,0.09491390683671053
0.08369188063844553,0.11134042360880962
0.13623854598239937,0.11285275799386119
0.1066542967328822,0.06639383075153893
0.15859513181167353,0.06754776612555667
0.14512161158559228,0.05666370219794181
0.14362507796026255,0.10709008318739054
0.09294911477033552,0.10064164723844106
0.07123827791986359,0.14165926802801618
0.20122351989483797,0.1060146575688653
0.28101881209046714,0.06101339812320639
0.13573371875531373,0.0582378095629836
0.11107391910739191,0.06149869269911341
0.09052932928254265,0.13332776757388545
0.1502815190991389,0.12195018547959724
0.14423806759833907,0.13056470588235294
0.13242513899274963,0.19952660175372533
0.0730328264542602,0.10407450834088365
0.08983226011606646,0.09084455862220495
0.08785764131193301,0.07159170765987351
0.10398371808282048,0.14926098119492054
0.14672531225061708,0.08728720794172046
0.15685780509926434,0.058016224736533714
0.1389651785177315,0.11864406779661017
0.12450917398443635,0.1766783591542434
0.1446283108765818,0.09003710821019151
0.12698075082420504,0.10853355426677713
0.1884228023858414,0.0792060424250329
0.1466572894257819,0.08310301632433938
,0.12989082525259374
,0.09167682871339389
,0.12219725465292365
,0.08219512822491447
,0.10510516252390058
,0.10399416449806798
,0.10082910562987375
,0.06232883255843577
,0.05965437295493037
,0.09529286950695182
,0.09381183478786112
,0.08594191966811239
,0.11761278719254249
,0.125734693877551
,0.07842501369893652
,0.04448945539231651
,0.06393970589624201
,0.08840098735104109
,0.14312710138169682
,0.06395817870857401
,0.06226978323679634
,0.0651316261387275
,0.09470843640263626
,0.07231721865591093
,0.06520256683743945
,0.06247342548318999
,0.07411123176431708
,0.1496540516995862
,0.06467972162757814
,0.11471715122830742
,0.09336457103026313
,0.07908381151731687
,0.0815997769482179
,0.15193834386046243
,0.056646619231774956
,0.07876555753111507
,0.07678589370039184
,0.0994746311622886
,0.07822855095826617
,0.06328609481727993
,0.14886061878589513
,0.04255274762241282
,0.06963970310474032
,0.07361031381553769
,0.09109853515026457
,0.07447899771171061
,0.13068700740790853
,0.08090928525618185
,0.1377857544830943
,0.07622462914507908
,0.0766703721524448
,0.12994086003541716
,0.11921161386033698
,0.09919549732892394
,0.0766572859735095
,0.08024005859698037
,0.09665873165385076
,0.11127868932215965
,0.12856418285663881
,0.1630134967258333
,0.1425100090254796
,0.09581758524733147
,0.09725275813575772
,0.104039415516485
,0.08299501821696781
,0.07745533284139983
,0.08461747190128675
,0.1386270083654229
,0.1601265455389795
,0.11611837466508189
,0.04801626661376711
,0.10083252212067939
,0.16454718064202764
,0.13266620973269364
,0.10933847909985324
,0.08149108873376955
,0.08005279157065741
,0.07049013466958973
,0.13208997792713476
,0.08486068587565883
,0.09808414486665394
,0.08939335641913557
,0.12891809908998988
,0.14712595351072136
,0.08615093174973128
,0.08241562180851718
,0.0832480230263646
,0.11812486949258717
,0.10340240566567992
,0.08350091323358486
,0.08806264877732092
,0.08666617418925907
,0.1219151947812173
,0.0877991393455311
,0.10041610738255033
,0.11326866936623034
,0.11410688493018777
,0.29837352776219855
,0.08646369110011456
,0.19877916707689278
,0.09073236759496588
,0.08720838531136633
,0.11488243110520538
,0.0787428596732055
,0.13400661363839486
,0.09440648474302933
,0.1007222098131189
,0.13545233624212968
,0.06909140382304256
,0.07369470630891951
,0.11554735409793286
,0.06226208707066287
,0.06206633793219669
,0.07949287432907644
,0.09375663622849861
,0.07523145077857654
,0.1159175502799412
,0.08396887400793651
,0.11433028179818953
,0.12625976964212257
,0.12351868732907931
,0.12248037463520575
,0.1222312293232259
,0.0649001568660703
,0.06572024754329332
,0.07040339479383115
,0.053023077246087305
,0.05133206100019743
,0.06030283428601602
,0.07968823573145647
,0.27546802820325794
,0.09209920589250777
,0.08936474129245367
,0.13024276350952207
,0.09916411466439078
,0.07939222783501054
,0.09224382704956331
,0.11979715328645973
,0.10957373318704539
,0.10869434235102729
,0.0761998332057624
,0.11336322869955157
,0.13160648135056416
,0.12774818890880177
,0.08076723553119887
,0.09504371250557768
,0.09760389285947038
,0.09176282938103221
,0.08331628826617576
,0.12087098207672937
,0.09946342307752828
,0.050007101264024995
,0.10537198143018765
,0.24201312910284464
,0.09654963680387409
,0.16168217660012787
,0.09059349522223197
,0.0988072448829333
,0.15473783528777463
,0.07412075060610268
,0.0943450046352421
,0.1036951630000186
,0.09104669377123044
,0.06308698942120802
,0.08197086525489808
,0.05416101533885034
,0.09221112871713613
,0.09862108642800141
,0.09530691917933383
,0.0954082986817659
,0.10496401888435623
,0.09743805928679557
,0.09110082068680941
,0.09323754179270817
,0.11316954111713937
,0.07872310104033063
,0.08269587820274786
,0.18072452014057855
,0.100658244409011
,0.10715267881697042
,0.09412959135574168
,0.07814800274806163
,0.08411885826548539
,0.09490236901044131
,0.08574596774193548
,0.12065801101216776
,0.08964550527942987
,0.11192294918631684
,0.09845096763701415
,0.1525841762505196
,0.10960202147820594
,0.11453249749862168
,0.19602635979148225
,0.0868553195940998
,0.11457676449187484
,0.0865428949067101
,0.11560587002096435
,0.11698331914585333
,0.08467405327464521
,0.10097728761738371
,0.08607764627026264
,0.10850243700423688
,0.10101352168549382
,0.09276053783368164
,0.10619174434087883
,0.0811837752313372
,0.19573047992372072
,0.13587220447284346
,0.05883697391190779
,0.06277925106541053
,0.09549119842576947
,0.10409361439146615
,0.1560845741881559
,0.13121837949222653
,0.10888334337263
,0.10696069606960697
,0.07253108646598493
,0.0869046855970771
,0.08578381371491854
,0.10611698428154125
,0.11081030369635725
,0.09748616666321265
,0.11269260554917616
,0.06973554936957589
,0.10206613542014602
,0.0903331043956044
,0.11140280196501443
,0.12045545345585297
,0.08101232245773951
,0.0973489100020551
,0.18932913102206214
,0.09719955610679548
,0.09149922720247296
,0.10880316518298715
,0.08313009650632154
,0.09889626573397281
,0.06996040373486256
,0.13311971289412972
,0.1663153979667741
,0.13372093023255813
,0.10346989966555184
,0.1190425108039354
,0.11616584025330068
,0.1190889185884494
,0.11658060814687321
,0.048153856878403185
,0.13606799512839782
,0.0981199849884733
,0.0927712800519818
,0.09917949870742947
,0.08663672640814227
,0.16102620087336245
,0.12295661489019818
,0.12247671672385366
,0.12441966368260879
,0.12491376336667817
,0.10266696717000977
,0.09597358957731533
,0.08298515626186967
,0.09695539388738274
,0.08791606367583213
,0.0866327052010591
,0.09377252109033872
,0.11513040080747566
,0.13213891398173241
,0.1383091453582124
,0.1353423723862613
,0.1401788573821783
,0.14012999409117768
,0.1393886841534793
,0.13218538108441877
,0.12745748863810447
,0.1303924906376149
,0.10521548036436228
,0.09217857394738697
,0.10540432933090253
,0.14039927065313945
,0.08759513723869546
,0.08108943351607008
,0.0867815631262525
,0.0836103893684985
,0.1451010077115958
,0.10729127313940309
,0.10351962754421917
,0.09559552746718522
,0.08542373856509983
,0.08646386608723644
,0.13968343431496877
,0.1344656401985737
,0.11451298509519778
,0.11395078677790685
,0.13899267672993573
,0.15296109186129553
,0.1441344120621495
,0.147093412041414
,0.14646247793521303
,0.15224572301927722
,0.10372700409875131
,0.0793662122617943
,0.08428829915560916
,0.1110587367299258
,0.09268191268191268
,0.12083104449501687
,0.15003905233012235
,0.14853665174043196
,0.14909999747544875
,0.08323640512667133
,0.1066279431594233
,0.11344434921023631
,0.1524044330612538
,0.15685212983241872
,0.1648638777287669
,0.15169956140350876
,0.1733230487944235
,0.09948186528497409
,0.13037775445960126
,0.11120282629511011
,0.1562275664034458
,0.15771319365138556
,0.15721487872783366
,0.1570287742426163
,0.15133406475407923
,0.08928519279254724
,0.0853875983491066
,0.1753362312921201
,0.10830191663810604
,0.10341417098548088
,0.11145572786393197
,0.0921428836656641
,0.09991228662033601
,0.15732446902991704
,0.15499102456315753
,0.14832705517394196
,0.16414224982816994
,0.15571665911493732
,0.08367855638253055
,0.1079924480805538
,0.07213987537056084
,0.1557433677229182
,0.15777292691265812
,0.16478781637851608
,0.14090236026617664
,0.16221454012151687
,0.0900116936269733
,0.09702308236353115
,0.15064193386664343
,0.15180517175529645
,0.14460056202328384
,0.14765314966017426
,0.0924381856256364
,0.07791289428839711
,0.15529374375737764
,0.15440758059328533
,0.15395130088270045
,0.14683030733340097
,0.09674373714909151
,0.14810403780398787
,0.14260039795459895
,0.09951651205302992
,0.09604378368457059
,0.13981391612838448
,0.1487148212588115
,0.15250933630347902
,0.12212169527976566
,0.09631815742766335
,0.09246778042959428
,0.153416891012498
,0.16598253912028837
,0.1368723145000962
,0.14327930196366434
,0.16037752972139033
,0.15021013944818612
,0.08622442358437514
,0.05540743649972432
,0.15004746668541893
,0.15237545311647901
,0.15406870982831206
,0.14589707449551376
,0.08826836357546979
,0.1310750782292829
,0.10452184927169095
,0.09574264783947341
,0.15550103478202817
,0.1503822145074607
,0.1553088931145801
,0.10528087807013113
,0.15524019919871196
,0.07996384004943385
,0.14017672235261633
,0.11284104832202731
,0.12482804589224682
,0.0686837917190509
,0.1529590712256903
,0.157855944297207
,0.08387737723531082
,0.07436721494730118
,0.13489675013722485
,0.15042054006197433
,0.09961899822465141
,0.14848764956606583
,0.09750626500534497
,0.1542470036477332
,0.16506204927334628
,0.15956909904108874
,0.14944375397859894
,0.08402528916470006
,0.08911545360143491
,0.08553161768656316
,0.11796821288470094
,0.09131107671899182
,0.09309068363755721
,0.11135156403698603
,0.14494364411006141
,0.1484042000207922
,0.1400090749248483
,0.13832294727325561
,0.10911439710258598
,0.16006703631728147
,0.1518381371764078
,0.15038177613027912
,0.14420990040136764
,0.1679473369239976
,0.08794374928490446
,0.08455517416441241
,0.11831434399721379
,0.1587751175716118
,0.15736040609137056
,0.1555194012852843
,0.1569435585430875
,0.1439578540410297
,0.1475738276350724
,0.15319991803838537
,0.12908551990292227
,0.10220590227907103
,0.1573648136858246
,0.10298829039812646
,0.10682988438744778
,0.09370968027006486
,0.07936898849348055
,0.08534985626168747
,0.15253758581732857
,0.10890658690964736
,0.12118961868339954
,0.18902530543631615
,0.08404266949880519
,0.10623698656066628
,0.18750484759171643
,0.17113298006560687
,0.11259462951612637
,0.12190460187771733
,0.11118830798243219
,0.14756725259784403
,0.11553059388780412
,0.0833707212794595
,0.053664258484177975
,0.1428903548283979
,0.13220551378446116
,0.16628308400460298
,0.14775140825560992
,0.08334493997047271
,0.16939600170140365
,0.08363812551332124
,0.07955473731696314
,0.10984956003406188
,0.16339421613394217
,0.09332068559466178
,0.1188229030540632
,0.07583358373524964
,0.10132313199733267
,0.11265187045311865
,0.08324609645695413
,0.1613981634293936
,0.15335218569577
,0.19753123862671357
,0.09049758639696671
,0.0931449945490771
,0.0850058676616616
,0.1553882260903579
,0.10557644526526978
,0.12183452376883908
,0.11405632335366041
,0.09841309405117979
,0.07949013579297975
,0.17948963623007888
,0.1147203947368421
,0.08243926991443482
,0.1553222302679218
,0.08072113042065941
,0.10160341446533626
,0.08667799831852908
,0.08014030578091949
,0.12551315584348097
,0.14202032627478547
,0.13995901639344263
,0.09689678670650521
,0.14235190097259062
,0.08272907444548616
,0.23160077002813564
,0.11554428044280443
,0.1567141608979098
,0.29230080572963296
,0.13363455353040282
,0.08392580566907387
,0.03583753695115667
,0.10936436036356101
,0.09094941144119291
,0.10892003297609233
,0.09687519767221203
,0.1751070487483531
,0.10120188683309281
,0.07074738986503692
,0.08449615556730808
,0.1241589789831449
,0.09120466934254115
,0.07895210736183167
,0.0835166677142917
,0.11552356759808072
,0.08190785722431292
,0.1309268292682927
,0.14372387366465397
,0.07365782040164505
,0.09325835496170977
,0.148597528511783
,0.14369379755591422
,0.1046550016507098
,0.0821219292314627
,0.12235560239570213
,0.07649707305966258
,0.08155951418068953
,0.15870436162975282
,0.08093456291800477
,0.1839442693647371
,0.06081072813811499
,0.12969865436856404
,0.14288432267884324
,0.09316016199899019
,0.0684801688581613
,0.07717577266883308
,0.10145429824444474
,0.07933037431850386
,0.1387504680703978
,0.07787416932160161
,0.09636322819620609
,0.10382745621216256
,0.07705030457057566
,0.08412370898976311
,0.0869497047089772
,0.13464859264375756
,0.16285562350438712
,0.15940002542265158
,0.10597232337946104
,0.12332960986305903
,0.0760601994420257
,0.08105877241978526
,0.0830880743317199
,0.1028311506777117
,0.08722160009953962
,0.10394246137453383
,0.16414104080425784
,0.08330098374314741
,0.16319142201471867
,0.10754736768510102
,0.10004169425845535
,0.15486137091075364
,0.091383381844143
,0.11217988757026859
,0.10383185324032818
,0.11220813466815889
,0.11264119369683447
,0.10963795394154119
,0.24281832298136646
,0.07683423913043479
,0.16378116343490304
,0.08583198766881973
,0.12182216170564815
,0.10970508261869902
,0.18491210530700658
,0.10643248517601141
,0.09289197358581976
,0.11567476948868399
,0.12052187260168841
,0.08190603563570473
,0.06767350911024204
,0.059619090609211965
,0.07597983688264613
,0.10852259542138772
,0.08257600397956645
,0.06049955088400533
,0.07446377301131565
,0.07249729098941401
,0.09677959529013608
,0.1330136718203931
,0.13667684996605567
,0.09273468877463314
,0.09356864049151643
,0.17996481890758198
,0.06387468055042447
,0.17181754166340663
,0.15073519977417948
,0.1419684787686558
,0.11670313639679067
,0.08720995864248843
,0.12153357101459457
,0.2060585699087295
,0.07587302788392418
,0.17991884658551324
,0.09390599981162287
,0.061366762041764805
,0.142949512365968
,0.07478590947029029
,0.160304415483369
,0.11562453028708854
,0.08312489650784798
,0.07017117962378537
,0.09888585332536498
,0.14501504782717042
,0.09541545960362349
,0.215864577504197
,0.12023301712612211
,0.10651233083739782
,0.07531429702756455
,0.07988719292148948
,0.11883073137869424
,0.13198341058794827
,0.10384137073372944
,0.09954722275365091
,0.0857782715877921
,0.11471337995947448
,0.14077315827862874
,0.24181016379672407
,0.06806912667101506
,0.1153401917859733
,0.1414370538394823
,0.15232744224881714
,0.12825817928687447
,0.1339748569254427
,0.1425905099184035
,0.10362533257080339
,0.08653263049867052
,0.11342092817634117
,0.09581928619183772
,0.1009055047516586
,0.046025816699686674
,0.07378772011912985
,0.0717929036571174
,0.11192521842790062
,0.10435173395251292
,0.0843623169699838
,0.1364603592266331
,0.07104972587264406
,0.10773139745916516
,0.19152199451768698
,0.14567716141929035
