shannon_canon,shannon_archive
492.6835781430968,192.31509119654396
113.75177757789129,143.99897565236137
407.50942022579636,150.60913097762884
66.85965798404564,115.76251818477286
140.5936478223944,137.39197979424011
239.83423381387564,151.21216035470314
397.35062398617123,133.49828452577208
119.14679867151035,123.87052075368767
30.424091693358456,96.49891512376944
41.657699260890745,106.2358030680318
32.40772601365864,111.51938143589621
582.4684316043068,97.96199072773081
89.28967309975096,143.21203072511867
243.47233551866472,152.76349635431026
67.40372196320254,183.22245447182445
206.01255054803576,222.08550107869257
279.5475489011888,136.66385682077672
174.65946226019264,140.56775240658024
313.1595505582068,117.54325351702498
63.10943720647411,126.63741520106777
303.49070996139153,151.8683647874644
208.21608832816108,70.41742745418541
793.5914946239654,458.810612520468
55.11963311270018,126.35313745468899
53.33874021783799,110.85271531271059
329.14176247848343,95.1166674323613
83.03746361997963,413.2894672584276
106.14712985267018,99.6216247354002
43.72364586080491,160.00490673750787
221.9881311362954,250.73976790212734
203.8009959696723,307.3837686997946
212.00649948795552,303.1597415403414
174.647458582633,271.49043241657364
449.48358310975385,372.3826972115835
50.969012542152036,85.70313079858796
311.9381671693322,88.11249078926275
94.30024456155768,109.98519028780306
224.6591560497545,69.37070785299315
146.92827119624226,90.5579696646871
408.2387027739595,98.77277716292645
207.86645605123257,79.25076443640368
125.95900918515963,88.6139762545238
146.21253611899954,194.03705355876286
222.12546870847558,90.91481870010371
220.6384000009955,112.61671182994567
112.97020690990388,98.65501020859634
598.6578491718208,379.72706869638466
47.84639617288649,130.71413271552186
265.79480788916624,132.6221525250446
275.14144923485554,135.0728598175092
454.7049636196666,134.70077272023704
156.59406890753206,203.22012162658316
102.54780701252753,151.89517772045227
175.90513458806615,267.3477636067182
223.7703180990963,176.87102140038684
315.3237690573577,68.02959691340475
176.26519362587683,59.42016416249465
121.68179069718394,62.98529129739597
324.1989143161019,70.93943468234183
23.35393335256256,112.7455009359016
48.89613227749904,212.62926994592448
61.80915197834306,218.47385963735135
205.94692962697297,171.0239659559484
37.621934157885036,169.98901485507523
59.50848905352881,202.59696431275972
26.30148826465312,147.90128386965492
80.40185255088281,319.052032520916
129.77417815886992,189.16140427133075
35.25344362117415,208.10749703165482
262.18304784358554,217.7526296344421
91.3848998505998,88.27975328120237
190.46838741568615,177.29839961614903
193.33459521691674,202.44317489710446
536.704800889693,135.9758756643554
173.10886175357453,123.9290959025929
142.13133375436198,131.96227167468678
197.2479619178612,268.47442790952516
342.23495994521136,382.79271459740016
387.54913154628974,137.08722334457752
178.28125971884714,349.13575438774285
159.247271741309,267.60216231850546
84.31553739040615,104.70819259245124
267.4360616247885,127.8262075438352
511.47588652460837,144.58552590314326
49.26134874098688,224.11140845785124
211.74984676331331,127.38417789493853
282.1429894253427,113.33127411989133
99.53060705262091,189.67613154683784
257.3872476359282,193.01269774892262
146.50716597920703,269.98805379946197
230.3995287523041,265.91485948384087
310.4778021912172,353.61444936907924
272.3081555268422,386.9317849134495
220.6371573446246,477.13767596963874
689.9515317590821,124.37673269820374
379.3788423404377,430.5727849558439
1040.927160506414,290.8268586751249
632.5270965748418,166.49831023869928
401.09733311744554,184.02217329132304
415.16678597751275,316.38083466542116
362.63123330900703,123.3522629115366
305.71265790438025,82.39298735186487
257.6066845926814,134.26752975261485
95.53282948281712,258.15496970664145
73.39216736281686,118.67905057010275
30.482312341639314,172.7921216495888
158.90753120196513,386.1466714979562
161.97671408223636,170.76922827613555
79.12035231723684,287.39510873594014
273.55674273196735,282.9273228299828
89.16962792337688,278.99786967285075
34.54152227622161,265.1176070326301
48.17714823838972,561.0521472116988
513.3046516854997,588.3163729983802
222.99014326218028,364.88523050612713
383.7300468415126,53.55180233833388
771.0785251853974,72.93493335184516
211.5873911083652,225.01652214710475
57.950808812039725,243.1324560004602
23.089005494160343,129.38663849516868
70.47498983418119,645.9519434337838
98.44698404939496,265.18102121053164
31.76236690878508,253.37838520421613
46.838825450879625,117.71797060819084
40.701090952619985,71.23834642799106
127.51364958401966,239.46622521440054
203.18030459058815,129.17541894476113
40.44507614364453,131.35083137877416
32.994155790215025,151.60884082159401
74.07091958737402,167.38434873112126
77.30882326901413,178.7376877408124
98.16492785657151,257.6610446610226
61.007982502682395,401.51187679582733
260.9316581048605,346.0784789021897
321.20847749705246,260.2578220438172
158.8178691878007,156.13540757499695
32.33557340981582,113.47765667390732
30.327611872413495,121.12526296260806
242.320756600635,130.94439780356413
217.7494484842158,218.71735142785153
175.62703220345222,293.68834578993204
142.9375680968491,302.27104935960296
666.8120902891029,555.9050582778187
388.6939378342582,179.53180595439412
1379.0483825046751,134.3701585068407
120.6004395033469,209.2909813600348
373.81183408050396,281.2734765670517
950.7805323784002,77.42314773983303
363.99104717468737,71.06038537121923
86.16846958615356,274.62432406306135
373.9617766697828,263.96033490483893
175.40810105787546,199.6980597425991
125.65860755583574,121.20440529757197
129.30701187652508,87.92923784594787
105.14249530317885,424.7327120066515
823.8474107432845,96.12747033906233
875.4884154934886,66.33753818204482
1227.931073422592,304.7296412471515
199.47071648461787,65.09661999480146
59.65554905380066,144.77338559727073
29.368110659201452,239.68194459936697
22.2466106658652,297.34366674836934
69.5323519930684,212.6867863007169
65.78345876474502,449.4373370011083
38.98269243733734,380.19893332579073
251.3038255888797,124.37577934949262
223.25798526665687,81.52896828086581
27.08169629987127,157.42275098586518
319.4491359104127,183.79403571750433
195.60001326629666,206.98827575612054
46.184216121518666,47.93988636754516
119.72580542931223,138.4606714423259
223.2786253455536,73.03097528102937
335.2736859142526,108.89497192254511
149.87174430240603,110.38081761939472
32.56821946286922,68.20015828821735
51.538866461703506,115.38534290474465
128.41039838362352,82.98138241348539
219.29770177416978,91.99418092848731
40.924171736876005,155.2513462604933
1253.9006400413027,185.10653091429043
813.9011958621257,242.65169826293615
139.7695239263251,193.74234068520005
313.785638610301,307.61730463720465
119.16821282036737,112.51747684918769
659.6711384164217,743.2670081107279
493.09194328175187,326.8018773853018
193.63597904054564,351.571241686937
333.43164402560274,338.25852628535614
316.93476840804186,194.41842453618455
337.65545897552903,628.0383940664111
352.3710279657566,115.43020178701651
398.5710332087306,383.6863993967831
302.6201686207914,250.85839248761442
323.3024000711559,226.1244490326179
219.07508966158434,167.77173469598074
318.29315500125034,186.63318120505852
360.73334160778603,138.08723884693293
400.87952409607766,127.70335431236533
372.6206645723058,125.60617662063355
325.4467417747093,1028.0533033931486
520.6885517825992,287.0608691014202
215.87432851453397,191.56570784420973
181.39666791015114,165.45317288302965
807.6556770636523,207.3651376867284
285.22438714677924,123.46092946940398
239.5261805536146,280.73946641739207
265.42118131526234,433.8598941036655
327.61200146182256,501.8720446825105
320.60397977764615,419.5830914585299
114.41458198005411,221.2076383239444
192.32398238835515,187.3430816668864
307.6744743175656,169.37731185717726
230.8975377549852,105.54832345475425
1959.2037246165248,741.2392792910923
291.5000971118188,714.9100671692171
243.25139316248956,459.4056495459351
307.09270735534346,352.04314072648685
315.74127029086446,252.34505427781988
276.30906306928756,151.3710157049223
630.4596221906786,257.9932497391168
84.88046339297908,280.9314282594271
83.12213144287034,103.84682422104564
185.86308564899406,397.46437638082745
192.04001556083261,96.12407294134198
384.6765795915953,194.9060700348245
1600.2894363062444,130.03597901738408
158.02945849836985,56.77651176063768
206.37816114747542,160.9646558161963
14.42323638401637,192.38748046962849
445.27488218009887,741.2392792910923
339.0154264428456,188.54955138737844
298.956851269013,179.72007959476932
247.48150712476837,224.1614875789318
363.85658619486804,377.0263403232974
461.7707545701809,152.2741770147568
419.02315969248684,175.236155939321
452.2722259053206,61.53569779567992
450.25680313308044,86.41132381661883
537.5972660969902,237.1381684688556
220.3143707919582,117.11397253582025
97.68940830601248,107.56313990781445
41.48758900775697,97.00432848222748
307.6537266364175,135.91104338026085
185.54173859852938,75.12966971350846
214.44392516022504,233.8651107940248
307.90292486965427,772.4259677927993
207.09615425084036,283.4970484315094
52.66065950583932,199.48391794768875
101.335403720962,240.83990858458898
108.94031279375436,243.91422917521518
45.58736982178175,148.8063397901155
292.9164527062005,176.76501317912974
448.62510507368256,44.33582282980948
583.3367784810417,126.97374563393798
104.53495516923151,152.53769443295064
272.21808424992713,222.71569867757202
257.14855228879014,208.62147340764366
576.4880788804655,235.0833421522157
327.0841802056291,132.80250092407246
134.44322469098736,156.33391089901028
429.4605071056604,227.39196695046084
97.01142184378318,384.5123369074068
169.50239778701828,440.09806443798624
90.74663503491648,362.576603442821
318.2363984442866,595.2350343799843
280.14196566560264,161.02455689339536
316.0201560116217,155.549564057899
182.2955931697606,65.21024593301512
248.92862850838665,338.06785486730746
849.4742131264617,360.71582309953794
240.15632580472777,240.81555445948712
116.97960744187175,265.0604706435939
321.00248802992917,121.3024802791556
120.06101643526938,356.9977481362841
415.74799102606244,466.932796884832
182.59053610787075,384.9154046418892
220.07570314940685,196.1188146602285
147.1901626998592,181.24508481099664
130.64426596976776,225.19814657281714
365.86417607622843,41.00306802923238
1543.8982797886604,164.135760825069
123.9889949081091,441.79641468623316
257.5560304280036,319.24436878457965
514.2417261114307,59.30486054943857
230.37426920181355,150.12331094143548
118.20892402733277,136.3608021590714
521.5398081010876,122.40467880724553
1620.8226912584694,852.3560537933657
252.750609510402,247.34401109043569
259.5715694485086,117.22582341681782
116.03353338972119,107.70077485543145
372.21078389907984,339.44273693640827
118.1157625324317,188.98174125480023
199.88761985195435,216.6081388441529
685.9650285936121,218.0379915289568
204.634562378448,317.6637858601727
400.0402890538,431.28582557772364
164.41451445621968,153.47713172556985
74.1037881091042,125.05531250847147
456.93898131064617,125.29023925754039
154.18051167086833,191.08268616196443
200.98342301789253,273.0246193906538
660.344298830503,278.3779181446107
95.69362831935541,117.36156652638238
256.7005880927152,257.837248992808
235.31897503542356,177.52943858575694
399.60626854476527,138.06856558886653
233.77942850809563,271.32054799692145
217.2274731439675,267.88983544371683
258.48808242571425,498.39729306219715
372.3304751306153,92.09428948468798
396.86437558849207,171.85240784245116
366.14055183178823,181.27826590495818
90.55513159675891,189.7024010092675
179.35388847372934,221.0351338794773
116.14860194844351,157.4815468508294
15.573760837149987,133.38372746204539
16.728975539092886,212.0588419791305
207.85179923382336,228.49114299268277
205.6004491962383,322.26893251255063
247.3371495260483,392.50177089002096
242.3810591468504,13.221921156160233
274.52213307139004,106.35359294809136
143.66435422737013,155.16580905252295
352.2125695846076,321.00724045748626
194.7243017195088,330.0268696390878
328.56283579630656,654.4458469650037
192.85011638195138,322.05745335960717
14.42402163013553,138.85006856311622
16.02874146971236,282.02840005611466
15.742667905000442,223.3200315095743
289.600141241006,160.82967267669886
345.06244069140615,347.11273763911726
365.7131626185278,291.25049541359664
275.3021710764015,238.41570064553218
146.90963394544332,160.00320254367008
351.81236776128833,119.94006208242475
61.80641636542752,105.22588210906144
192.04536950842063,164.8736812431651
396.4563789510353,145.83736547294544
497.99699628243985,285.93804117341693
90.09704906989295,196.09184066211293
667.6272182106351,510.1952977887967
352.1496291159855,484.86952916080304
141.63271246079324,420.7249843972956
335.66350416879874,442.74870369003276
414.3215544608626,146.04882342244204
347.1794928449275,41.162451886831676
390.1083116409565,136.58568705070041
100.9133466926659,168.59500770500946
177.43795185950188,207.25860531694366
425.78853234856047,338.885816796973
440.14237926446793,145.2872464494252
182.155109036141,263.3898613768999
465.06593978233207,142.3969043105716
140.95433532133816,160.00424716758113
370.16194409621113,196.4617648278332
373.24958969799377,156.70680960921513
317.69894223921597,174.2522662232833
138.17523516488146,144.87013696496152
244.69175219351902,147.67389628345083
198.8417228197376,189.74577084892536
222.7145987751014,185.846546569778
158.21505962775487,174.54805389324375
391.7519283098034,456.60701655706265
201.43847317245692,506.4963594247864
218.83255536001562,516.56800814645
258.82213049113983,138.27553848901397
187.50503806297667,278.28268215461054
130.37399089653613,51.91783595617578
237.83938222630582,324.9745717894686
207.0235866443876,272.7260675326715
139.7587848116219,480.01332955252894
149.3390716879249,467.2207115655453
347.05097501220666,454.7193958664658
392.36983777777453,253.16757645922613
451.68473384756436,278.59276324877465
292.3637316069821,367.8029698198749
186.95242051242096,318.58049653568264
92.96884584630912,391.4041036359708
209.8326201815467,93.39268784755865
58.20670660237877,161.9994413146278
298.1156138897883,247.89049541052904
181.9402967931891,248.42917205083853
184.5970819325875,161.84366174822452
379.0406248220757,174.12313048202927
94.91166837566263,251.8854150261387
214.49677413925676,266.86690611931544
164.06703223768577,289.4801702745994
91.27839671476232,246.02671148561433
251.7815360772403,278.51834445444064
415.26708802266825,341.124231306049
176.49081663411775,342.6247036839085
319.7847264343177,579.4006514749635
112.5603839261883,248.71421339101656
94.89102091695092,275.8757630082557
120.32766041892805,325.75359169631605
149.322807273556,227.58131986389373
127.74462390571439,323.70132740223653
249.3116447934081,140.11743790116668
149.6969298496704,409.82957179909096
362.3837677448355,241.62105025727567
27.733039812257257,297.24349982205194
185.71828724516573,413.30010977309695
134.73173479336026,438.7145243225095
303.986784321996,211.00841251060328
120.4046971286848,207.44848050466828
54.45421241128372,161.80638520078085
515.8251330540392,595.5393620250716
479.69674009508145,240.21616473461432
279.0276863153425,236.155311706544
103.13004578057071,242.37898622898751
140.23877534754902,287.1308140045554
191.60653276643802,237.69818482170604
304.0997864476184,351.6101033901074
247.33933606783603,406.89081775593263
137.67356657752404,134.83978700527587
270.187298961091,207.75291115392494
67.77038101712232,589.496746410844
330.95525315392945,352.41726027640317
336.8657154329023,226.50506341639777
452.119568306448,89.92782451203237
461.66885116629453,590.1681359140815
385.74355061898524,389.98134025517714
60.781531986788266,331.7454753373169
136.17125379383347,135.92167884664687
243.50457705075195,189.82652766018202
66.70956658301856,289.3792158449196
130.69878307985994,124.91694808022807
353.1791957980838,337.32729723481737
113.58913476047931,304.80472512045634
117.78499324667948,595.9746851596693
502.28900334810197,142.05430516608814
83.99866801709669,247.3747943122643
166.9868103654705,520.9048734929071
113.78845390510413,319.03468310058724
106.4826442552042,183.92902886125296
162.92708834799998,202.1544791289402
238.10944713041636,227.99859910304585
233.91532635353997,135.37642864272553
369.4381789204166,149.87638560958695
217.2687325983483,214.7120574193916
158.11462068558018,380.28927852492956
166.30883037496986,28.150311718002598
225.35437034996897,173.66271419855204
102.86543236994801,84.32920721436298
160.59382492274005,387.4624675576969
27.994640419558475,258.16121113733396
248.3048618665098,303.2941815126328
130.84921961238467,221.12067521643783
227.65476456512607,135.8976187037408
119.40145222088643,364.5718571725334
182.22575827414386,267.3653659057496
188.16870679308997,230.75891867754686
177.54827735023312,146.65992962800527
265.8107018623195,168.31057860488605
413.52117783676397,198.23141786491666
127.01589576068699,103.58226816442128
264.36492641634754,149.55376990345013
113.80863553454716,219.17867078242213
321.6667641947479,142.57052082464384
44.6881207537213,198.45656174472188
445.23968270771473,105.70764161586688
322.04190075114343,271.0980205697041
117.93548785183015,250.37055051949065
62.44327775947283,194.3605791975727
207.0242751448263,125.13534469600997
80.1766500596471,198.0081311804749
120.0152377723324,151.49875067623998
185.89092336140243,202.19089588801643
576.7845552385195,63.88264503729143
450.832669336565,211.7523462405877
202.49115094504742,140.0370942970328
120.48686586306897,308.70883090136607
94.5343703464018,278.76688910022597
43.98816946870465,282.6480383034257
374.5683217085293,201.21190627308346
315.54685996543475,72.96609730607487
87.56448129253948,306.39505656699316
213.20327152207187,373.1229384076085
743.6161958955342,242.7004369924945
195.57882003113556,344.1856169857806
87.45510786421113,315.9721441554277
438.1599080809841,312.18293348599406
122.48914189898457,110.11827245417012
132.79102679050607,130.13378460362648
188.92896137962148,239.7297182888759
283.8707161595275,189.87014845526548
23.496277939937613,493.1983661077069
123.60914335852807,116.50536600833199
30.839351335313484,359.62450987403855
161.4989673404631,324.6914771079903
106.87539552481107,232.322913316742
205.30729866042228,190.16541073850104
170.3900563313508,239.48015061463565
182.0409113447037,307.60175750530436
114.58080841243267,350.77036876489274
126.98592770345144,216.63935243543708
186.83916850655297,139.88578815649555
232.5425357402919,110.15612416953017
271.7612978525755,140.04321816818342
438.5463251517214,123.173427876013
327.81959958420555,142.43953946288718
519.6699472620172,140.86507490042382
93.91087589766111,216.4371229232641
150.6794602310845,362.1892760335819
190.0154555634277,249.59752920750356
202.77518602142084,354.59129082064345
219.35839426216333,274.09040340844456
19.040349392930768,419.06946327352523
171.86109769700772,307.61361505621653
391.33900576261647,224.34268037300257
215.9238492569073,275.2472102357677
132.45015444127563,188.24466424665158
208.87023068308085,180.8683509348829
378.8049943792688,171.6076663323086
18.536932234505663,182.5137915167529
466.45376310536284,184.46636336834592
181.10364268741762,189.08599681775053
232.2020295389393,293.42756025887877
197.67359443597405,42.73557649353982
167.9023492659891,79.33609079593728
199.88571477723607,181.8008247976503
137.04856235114892,173.04966486163147
159.10247675504698,142.96987639284242
178.60271325199517,182.06890546183124
432.0837820589651,200.38545278137948
249.25871745590229,99.65133985190529
196.96189462822258,281.220438038062
112.26171805151859,340.4409112734125
249.59266670512372,168.33664441518323
167.45188875600948,182.19214531589444
176.48633135200976,132.8455393101675
220.8994717104043,309.8079546968516
176.2924061758233,222.8302435019167
207.8491808176791,492.03882208456525
132.72568070665548,60.311754706236044
125.8103115276435,163.1841740098882
350.6246585534277,176.96253190586685
222.33962897455606,121.62378232930283
235.9314996029388,193.85170140752552
79.56124758001305,144.65356518371232
220.56265542432897,407.4240918825677
214.55186096748122,194.2139663022656
97.41014751667564,968.3159991970916
48.91164728681394,178.05266387468285
166.1366978039213,280.8467271793359
281.38492342104485,448.61218241958034
296.704955842754,201.6605102735371
71.29949352058121,202.7632348579168
236.52028600610063,256.5416298152607
156.37538622696573,212.94247505237104
199.9826088211116,196.36916413437584
104.33051157065071,533.4293779726908
117.4521405863671,284.00141419380884
202.556133187132,247.1012536593411
245.4346249326601,114.54072249373594
84.159415211094,109.83784756038641
105.91794550474025,101.08106658452164
98.52246672252963,113.70323573867466
117.8829108861504,349.418172152201
224.66405508206958,116.23020047020766
265.0857689718747,424.4592253128819
77.23219293724503,465.2268369944689
77.23219293724503,698.2608913146383
198.36088265960854,268.52182178904917
223.02165960061498,37.16207869258213
297.07728263568623,344.37005697722407
42.906935072793935,367.2205167202203
273.9616546849565,310.3448604344248
89.3843022407512,169.96659281518868
593.126577468737,166.77210065676468
178.70262602780613,386.1828779542424
214.2689609406473,337.45000036045053
209.56379243384742,320.26149687751155
212.06358554603094,141.851982886041
187.1596052044338,210.32739344829156
460.06843491063574,406.50121763805106
234.36863157370388,182.96378857917028
240.33800444990015,233.00011752133176
206.69579003292372,171.71696232614212
678.2529140287179,239.86886962984474
181.26096070492017,229.30918923639226
116.03021772534676,208.5327375175806
50.669931518655225,207.9343568965261
129.79660092154487,183.56420372798334
147.3452936264459,264.8848162237301
160.0832181731255,122.81733726143484
156.1903045372517,353.84060089211596
190.06898492529368,94.721494690323
94.17640535071638,408.68151148525686
328.6902788880305,394.6295908392716
265.26163261071883,253.02691920294492
64.28320055215234,194.65731136795478
772.8631602933202,272.6436260109383
683.8090311231406,206.81357931067063
105.22333166884275,262.41312405981165
110.16287729673473,147.28415384010185
208.69932282808065,174.8202885524449
130.02334802009258,273.3500703764507
209.22586539676547,156.00206654618918
80.63929333310996,310.01013950645967
264.01907206725906,749.5958686321928
83.17681417289693,300.6335681088483
163.04716436632572,194.22952026844698
117.98961477988858,294.0609787994586
171.65275605743432,237.95336737327764
248.07114860452276,198.5194479802713
219.43394134708163,229.33738518533588
358.7653999488965,266.6226960523686
537.7914211071676,263.27302964938787
83.43411595934609,371.3958691211867
117.76638961851543,207.11522676974303
92.14661373862164,199.4305606583126
403.61393501860414,269.12523974182085
278.9654573716948,159.34699140689068
164.51699263492364,310.6968592797698
127.44542178405402,354.0122576459743
173.1679655015796,235.30101434716582
309.17929832034457,208.4278551907292
176.95254116621618,176.32437347863603
89.05853661413323,58.58103461633411
246.8035261430371,342.45584704124605
296.5099434974231,383.9065720066178
271.772833128769,327.1773954995625
200.25292944668394,199.87475098588183
210.99885858074106,229.00684088668697
118.97983048061788,387.22934724607893
121.03853859141988,196.64900129592388
447.0155432675788,237.4749660906844
161.54770224707696,155.4774951853871
427.35424746495875,350.67601285688016
101.61459536492484,178.26767488730954
486.8832854460928,320.2273613045892
117.9993100359031,201.2387177950237
165.28083709223787,346.24055810100293
105.93057819494071,193.93788555753449
137.2105657036137,431.43609515980125
105.38086618695557,142.62305245020917
222.7115584488138,421.89473225602427
152.89340266004132,200.90910531434977
96.12937176470368,209.51522520643235
154.7749875113532,132.5705104131101
157.88606877280017,187.82130491568017
74.16198202301588,187.42229137737974
63.485284789595084,289.957186289819
240.59652300009574,184.31478969306895
188.18787174656325,177.51179033150996
147.32642286661948,129.55563320509734
140.50885915484102,72.89378858518322
129.06821548816382,267.5714225190384
73.62694662233672,130.81619722861657
164.47115231846874,323.65598009249334
169.29739257155023,120.44979115360307
143.3156798614543,209.53616125402584
150.96159732498575,200.90585227582548
160.07083569223957,263.120130673952
141.45780448449264,157.80807249023968
172.494665003526,258.6619257044484
145.5168317176085,186.22193631266526
597.4448029067439,249.43449461642663
158.36701666599532,278.02104323430626
260.2508596251416,319.6941194902542
186.62919330031008,300.7709412696516
152.5431998973751,181.95751435052958
157.24931947404224,293.43660958447884
155.50966955047832,273.04908278964626
148.52832864162588,193.99918290000437
195.40424417657118,252.59513657697877
146.3392570759777,351.5706177317764
112.8993271610229,131.83426784119763
260.90165919181334,327.61303289144513
156.74036669501945,176.518024751347
275.4540400960299,246.04783386044946
287.2367401814005,404.2583651467135
275.0752390536915,176.07257937462924
156.68190994175086,156.06024733543663
365.71559102122325,306.1305820064107
82.65361301470371,234.45753070119264
173.46187199317544,186.58644999610047
194.44863021732667,175.35392510460576
273.746480332605,249.63200833224033
140.66625202008456,200.94843160677786
189.18159076655587,132.22937900109306
35.449984521235265,391.1723112558335
174.2792490776011,373.85029998999545
69.94924634835465,333.09307294685686
592.9937523908543,166.1064011647035
332.18171342452166,104.72270761156197
828.5021605148859,161.20115804768378
186.1794177692621,270.0088063664408
219.7073432709567,158.86925908641743
207.53118924159529,278.8963709245479
118.26999533038133,903.6312277559316
119.19884912326431,288.31327044942867
582.0723174137717,128.21868548647348
559.0524906730572,194.42764291014845
193.06034409824764,195.43133092690732
184.95785874466526,239.65060603897354
157.35872208827968,174.9132415668128
246.59644032382107,288.46214445932696
52.29740125983026,244.85324009153575
50.84449378580418,225.8307065718306
190.82669481141727,240.47469001693148
187.2883945352345,155.73566853183502
195.1936655700688,213.7900913180025
226.0731726013827,221.99291328203668
125.56220290822861,207.69725757986416
43.7195264956706,145.36860352069024
251.150501903039,156.57404000983863
246.2473935740336,163.36626150830634
102.98582201145342,195.02153385380566
132.606256917946,357.1897783321593
247.16694339847726,183.65173582548724
180.28020707641676,184.06567108322804
166.1787385145182,226.2295409267089
158.78824676977402,306.1768049233092
808.0848360815123,362.60212191014296
242.6063695925513,247.12226860217777
150.35215364535466,312.1395767163857
406.57871335032155,655.9076044408824
181.17299021153707,594.9081558877
158.66018069471605,142.00480343263175
49.09041470450883,266.08479920320696
256.0053840453577,320.1503732290715
221.47795558995998,287.2244391161829
122.98395783636181,392.68363687933703
553.0201662848305,158.4008460833
641.1556067303358,465.48682245416825
322.73417245850334,156.57550120306652
162.31857388442208,188.66145195276354
181.6539102553948,325.3114974791456
431.3690769045092,156.28366552733834
151.57718616939894,274.4943000985213
219.62289671409604,345.4488216540718
572.844710775441,233.58539701459216
323.06660489937497,241.21995533400516
214.8794374282755,251.60982806456929
206.51971055608507,450.9673227561061
225.72658655249373,437.36729842761395
142.3262255291154,324.9815228993469
416.9118278212077,43.00974075295531
251.91777899841426,278.4941815845924
172.6706352701386,211.71967074551443
172.24971166304687,344.29876059088514
213.74538712378262,451.0130115499475
233.61372007028518,184.37787304831892
223.2107838276651,312.1830380865008
200.5599366535636,267.56262724677896
217.9535476480138,251.7250129552592
213.3973289404546,192.81753212516153
175.0825623241543,181.2700387120102
413.72518101210716,157.47014137421328
329.5352428181125,268.2827112699365
192.92634782889223,175.5924516023133
230.95115798838114,272.9762985552249
223.04259799764333,143.47987430180552
203.17614311149487,166.6627480943692
177.44606725375465,369.54653632014697
189.53419642238876,434.0076503858519
319.0992126284569,259.89589019326297
131.219154255563,306.47984257451515
367.19629292267604,256.9562108706038
242.45095950264707,239.61304152261283
215.59367089237162,182.52728929329143
217.88057776903742,363.341646320007
213.57232868057054,275.989275748272
267.2944479259919,144.94959297279541
219.50965382234492,203.26947869184994
203.47921398187748,201.70691360259846
364.21040166012887,186.53991944717492
271.76867282680575,174.59453315183694
209.57165825300063,242.69355471407098
222.04719392669526,186.4446870140862
236.79671524426843,201.27575743821617
222.02898639117453,239.98725053534534
569.5300686047087,297.70663057768604
563.0648296837453,255.9448806596239
101.21482913623127,279.5219079924215
236.86761589072904,472.8199756143916
221.84746267702047,443.34718695889575
210.5187942908411,465.37213277023733
215.99546245290867,172.64709201649288
263.4697049660798,4.247927513443588
221.91863113396195,111.60329316951321
249.95772287333756,188.64031069843634
202.82564751438838,140.1373809175781
168.07888052129175,246.05477682790496
566.4783302029741,164.59683234361134
177.3367331548628,284.59171289283483
157.2579221465689,134.66735365778072
313.05056052853024,129.11198875868826
182.7425842472796,363.32981927967023
174.4023270648345,491.2717358498117
764.6899608462959,240.4080544842517
389.89817924880236,225.11780889982614
108.7369036308632,128.41166829583324
206.32043462999363,154.86798159066095
191.76731444146887,282.6602912905257
203.8401256666354,678.5723468300672
206.17927289505968,155.49134626151263
330.55056377476023,173.37744390842428
181.11013398024068,389.307975033948
180.11669734758027,322.52584002469837
426.09937926581557,177.6940102029517
259.60981545256817,324.5054083317921
155.83512425450172,118.47472604922079
168.89208915968922,288.3217416766492
278.52067167649193,133.59181336797576
189.34290738204064,214.52236567563457
185.0118431589043,179.06347707571356
187.52895175737706,263.9211472992684
184.42869543266013,351.42225879296564
161.07221724956324,236.33064883547837
215.2492751829646,254.49211691038252
239.27679071759542,203.38482347564766
347.50656584822656,82.91741997632056
171.78964167537544,418.9993846792034
181.25388775052238,483.1404275851332
185.0435989496196,150.51248980015725
156.461684290777,131.48358820052667
164.54531219753497,32.05555330263301
155.2356819347409,118.12663299351965
122.83050990437307,245.80599757305257
9.140869106221883,243.44479779321267
95.0001579320342,406.9404899907246
177.19283169422545,236.92307992569147
58.79134155960947,205.35383567037155
177.04132450529232,243.12853741527542
73.40179136322386,294.04319926927457
95.05398083090108,36.79502887523139
197.1244329400452,158.63515389045114
285.80887858490416,203.207541261876
225.73274072501115,203.3183438945065
127.40122809062554,370.78545861476357
352.95841207762874,350.7486823607629
96.99443347356153,316.89035460621346
201.13763303146195,241.30020273426868
178.86565787724294,171.0293676022152
194.0924324942015,201.60938797637354
419.0936753632813,187.7461149259612
254.63984300558064,350.9337817868155
82.63972859738095,406.19877002088276
439.02216754591586,46.19901593730609
200.71505231396446,140.28960718544025
43.70187540381455,289.0511760496621
107.67171652249179,155.49262646721652
260.98669017275387,202.95680175577553
214.9954879488129,213.3499827647825
214.79566353397695,264.6482081075842
304.3132030535364,415.71069513340626
193.97738852412996,128.68153873185386
350.6141665696176,180.1275655086826
216.73154298713746,156.8583095957626
198.91141165341548,218.40386851463361
124.8327261858584,329.682800191835
203.1138690878487,487.52157550835506
719.7101910410265,430.7263888725822
355.30772975721555,78.44627929937188
165.1200079598579,209.5178325367017
99.88269284033024,87.96373544464059
195.52943395173222,302.7833240381183
159.41627526276974,316.59417325663384
196.65218248230389,184.6507915790183
300.60240781541023,129.9762568340087
306.88644999084494,500.01411257838316
256.6756440406656,113.23556377383859
457.39891646292637,225.39399466807336
272.82680952717556,251.79849837298093
139.9950859363175,339.7615378070636
171.0512257160285,153.70237053947957
437.974666579322,149.3258334473761
221.98269690144187,149.23561746087722
125.50931152063818,90.4700252207255
138.83182069498096,186.41207293400174
194.59627985438368,61.64175236978318
247.6004001410339,235.1915609129337
149.1413281927427,55.56770432693514
287.7921189194858,169.3752374597547
498.548087683651,150.88714578220495
180.25340206119594,125.42870113657526
393.6799535422705,225.70145067830157
432.75875798232147,209.79167034360967
225.69688170438562,94.84941485423755
93.56940781075009,315.635009046979
532.757066489012,123.36640392036085
212.29836558827944,131.19912872629644
228.45792238589402,352.2166641171676
655.1086053611181,291.23849939992255
205.94697134640637,260.1563374934936
167.43000798108343,286.05751906782416
29.08407568815945,303.59550966476274
87.79374873760786,502.83938842258027
364.0280345103489,138.31098606151528
182.938510452106,349.6211123591733
328.4837309364505,269.41294844980393
152.67025953313117,121.03469138931305
223.50390494282888,170.6508011229142
167.83840754404528,214.15577039288976
74.25747947990165,98.26025434447659
199.5662605989179,142.35269869024174
77.23686687789794,224.3101382490686
186.1570148660368,287.58288463077173
165.7357210243902,1431.3334485593439
155.5892228558852,176.49577433463637
80.53241344051257,183.35675524262305
161.5898799041779,136.95021368678673
374.0196124322929,142.7778563775015
353.1012092198263,210.24905342543116
157.26322887392564,111.58498525573638
187.94119962896454,235.1425563069668
176.86007667061645,169.40984335762033
207.5848274901551,24.84600151475729
193.1939694972366,418.9074320757816
131.66870770908352,88.23386027561207
187.77311091065656,88.75822284515641
298.44474488747954,193.6202298559966
195.3678532314031,60.725384828152514
245.2981588197033,121.81878864545712
165.11171689091267,198.67213637119895
128.84129531698164,275.1037732405756
342.1462190478647,282.5533093360436
182.6067203043834,181.87884076082597
307.9138793521921,221.94945474771183
54.03863794046546,21.000466768242827
198.8953932651435,227.11435023295599
101.93684110655185,105.3607258705187
200.79697042693894,379.4233870798961
952.442936028617,225.18516436987989
187.76660137118313,88.06993689372554
64.1131664978101,209.9776800002713
311.21340408669977,144.2967900600699
64.1189404208242,132.95139731224884
243.50324888610294,106.47916533220015
278.32890118858296,86.03064239585873
1155.449604012496,210.2360018108583
190.98475801508437,188.8658367749872
107.94924057252021,29.67328907748194
78.4048326683094,354.0657197558282
297.27402570289445,103.23069624567074
184.01692248693604,362.47852820086126
166.31875642949993,129.58560158470732
73.925021622214,262.7828925347839
37.717228853557955,143.75033093216268
68.03683383561874,214.29295107799845
155.83113397704656,89.66982047959898
70.7663113351303,220.10933657759503
280.9983257181158,174.4473061141887
84.39352672725535,177.23615292237764
104.35184157219737,108.11120625307895
47.58492820570254,197.80344613592695
84.52948919742018,438.48046883681474
233.9283876040629,85.1571421357382
45.03579084478622,71.34928940898459
110.83066686001995,65.84436407011684
111.1572996199872,150.4182955807503
154.16558963239333,94.38848786901495
187.80358258291525,223.9577087673744
233.87985836548643,200.24642231720654
65.22310758958119,154.25752241982727
317.827207058125,111.31601831329107
87.76737070468477,249.94192110099854
76.98191489393722,231.58002044989522
184.94033661777988,249.83579055576803
87.83611206516635,203.37494493391694
448.8863421804832,154.2331073739566
129.37521349010615,96.64051688280841
180.1110506922868,242.4930853035546
322.73929432120707,286.92268247427603
87.95694254633855,228.5834438594696
142.1824482414721,119.32980006316802
134.44188277949806,222.58849836009443
89.66646908986853,363.5451222073686
138.15478913537203,394.0721528203354
128.56486220845522,196.075588651751
162.75877936112062,187.44848198042956
135.6856613486748,228.06557701409918
97.74830933525115,313.993484630886
152.34335264961177,309.11761758214936
141.42501751990073,174.0213859914603
41.3478567912161,32.894579660252845
470.25028168269233,226.1540815979437
155.01313984133935,312.6276510100217
159.85699536231803,300.9009465553065
120.76516313773367,20.39753504609706
125.8782241356209,173.79899575060776
197.59205310490015,208.93954554916155
263.53416282680615,116.67427341410243
54.512898377083104,360.45744926147955
26.36758268227409,393.83740185057775
178.94197663796845,118.78002038983315
148.90655939861782,170.83502942505464
166.63675210411776,189.14488544107945
42.92533104218062,414.3465501915103
69.85468625865148,157.26381985278198
158.11674016884098,93.73756246821249
54.336341576996226,231.88567170414123
87.18022783667469,284.6519022912862
323.8021524384069,221.3269239004908
461.32177281653327,129.78603128250435
105.31140712111171,26.4708306084798
103.08106879880961,229.44166665370514
83.93198308122712,233.84604147140288
112.1007261359893,259.7090992324161
122.13012289502616,236.32408240983543
219.3940707168603,92.23415184811718
270.0343712066013,80.37743924794478
139.86252050654141,104.17444887300064
159.1844176383602,95.17725002539895
157.99204918930266,92.69412331969723
106.27320481016496,103.29845613534637
127.4149953946906,297.23641313543374
39.449209530459285,100.335768318057
123.81982585600399,83.08673392641343
211.0004938284637,154.07200268025233
141.18238458071556,143.6834958683354
126.81050794082707,131.97766807188006
409.45794543039574,337.5096047327049
106.06593485422138,151.62205700940063
76.23853887780396,238.72607565901248
170.2544796642314,179.23246283759312
61.194487875391864,73.07185057122982
99.67702795781362,215.87879189391165
55.61690416495527,378.3487040537598
231.0727195487529,236.8648226396435
48.57206756597681,221.9386219602682
264.3580551659082,81.74894395398611
246.04260034857498,168.5445206280946
333.1858717347817,135.1031649330542
196.21111949465723,219.73691635349078
124.62037299487947,384.9540721772555
162.38383247150912,230.9956999401582
95.91201566484806,292.92856269037947
84.83117300896426,285.21023450244894
52.00583342708583,175.2618422784456
260.89211053862346,286.86605699821524
123.38505593656159,156.77033994607206
228.4010954974313,364.8361468009042
75.8162655277533,164.1032617229456
35.66040676039616,205.6490858903515
89.6382974756161,137.31413851572907
149.25570874080373,150.03289127136384
125.56068322963827,12.404443126526948
126.71816302528822,190.93454952950452
105.98959203014016,137.84362251042066
721.4914505474974,172.74611266553208
174.38764584726903,344.2675372895624
234.55528292477354,133.6188484318766
69.14655862509227,134.21347077163497
112.58366938291525,124.44083735740465
166.5436424835039,99.48742378741724
164.98615822173517,320.58813966662314
186.3944706579827,316.5340945681096
354.5561823924101,268.4192046204956
183.53983327083512,165.42250743072407
92.50382896173161,161.86712102177944
113.487517480691,127.20590083750112
203.51574171484629,228.3394131634866
40.02947684684648,222.67798990785855
273.8714422632571,187.967532443143
78.2297107076402,493.24250512342223
311.91703739478356,124.30820797704797
229.29694689861847,143.91238302891722
77.88349482370985,176.43412026284716
46.04361346827834,173.49577323685713
174.78151892684605,306.0920257416087
160.69653815395216,176.6915080021737
157.36663551531103,118.0194385024093
36.990417182318,72.28108727814117
120.31277006986663,146.79440588357176
151.3809042960173,131.67815026170175
107.40630640545139,161.49154932423608
304.0974853901802,136.4627142787159
284.4811680503693,194.89532237891964
90.23693551286948,271.2128247800115
432.0788931813504,171.30098766738533
218.24610959927108,169.51309589433063
150.9011092486488,139.20768984940895
171.98516575715794,159.54883984267545
224.44123176275187,65.72804081072822
122.80438349841477,460.4879921743382
63.14617565257883,201.34811642588468
73.26298652766664,211.65158814714417
162.920021613797,272.7120292611621
59.58405997229354,72.71444201696022
66.55136283385896,530.1441703502207
298.0683425264507,683.5631527694925
122.10492065820594,751.4299623948611
97.71720845683899,379.63654267184256
363.14979143233967,334.59133964248986
79.11709038318307,186.37151309906025
157.88385916222884,179.87795298424467
396.56837659543004,199.69680589649056
23.656620155617407,177.73437656795792
183.1123870622109,165.8093857402496
180.0275402306452,251.60307795159684
90.02534082209189,242.93069509853675
110.85336442039245,363.5967067331425
393.8013173245881,156.2102902769925
87.6696653538312,173.89542646745616
132.8069289978523,576.1779758496928
600.6288092929723,553.4462044583026
391.70194249544676,227.90993770343655
205.73673275711056,105.08180676658847
174.69987100218148,126.71059415771059
67.58888332247314,11.197056405872132
144.90664342805792,172.17038416925723
115.75994322910132,290.86387650527075
186.6223177402363,273.59240977676706
121.2076279472352,237.40001814987025
217.83828767854703,214.63859363867502
269.8277995146056,181.491607484076
247.68423268125173,298.5829832746551
351.6577254831898,198.88939136560586
109.74322785193367,189.5584188237097
202.15183055187242,359.1363003339992
168.19514815897708,379.9112989232124
60.722154254673754,483.04982537081105
298.2642918413312,172.7271656135705
78.6298590440374,191.14475321716617
184.60892806919594,117.60102447572464
120.97020475394464,110.51697917609278
161.98793488234185,129.67832695406875
232.5698947470566,203.20015131467713
37.59629436895529,55.06360318052595
189.14307702555095,412.1580441769387
191.75496437673925,172.95041961382995
282.98986748091227,185.34684419780024
118.98020546010787,361.1667889467322
199.25230671297814,360.77771757754687
96.64096118705356,517.2999293242766
156.1616784299384,227.27710303954456
129.2293949631383,154.9048358960183
266.5142129216492,133.77796456720301
520.234877018839,301.77590567617233
63.80742715089571,329.63368889945434
42.84845465422922,452.56098625187434
203.808558995032,456.325116055645
238.91038007121605,100.0063439227578
164.2899539355534,156.6988048879128
141.70383031346205,139.68711182340587
143.6606622731833,69.21814986991059
200.01985013608703,229.08142439580382
478.63171146797566,184.93372174844274
242.2108573010251,352.0915706440867
431.0961665250821,62.692510591427414
316.6219799674304,222.10336644795908
156.45293536632744,476.70991757735777
78.19224952204232,118.69506323590258
234.7448904791491,118.92855192757517
171.01011272160736,195.5914970604364
155.80760468361024,94.03047063757926
123.89688648149274,299.1808037949906
69.58891077815916,349.1687359310077
189.51228433061667,170.62403699010113
,169.23199707083475
,122.24323384526214
,236.9008154634775
,129.03961239601728
,200.2987337874833
,231.52087554266282
,395.29860335665467
,402.4271905009015
,299.0220482388424
,169.60820472761122
,204.9879799781232
,115.54208002340697
,142.4191516501093
,304.1631144991818
,717.8868703958259
,337.2388507933227
,282.4426663434769
,114.69706939562927
,342.0570776162493
,430.6164845259939
,296.8824318250899
,186.60358497989603
,241.12073451225788
,364.2316720633489
,396.8596603431714
,284.98482705886795
,131.6389076696619
,422.97913907516164
,154.6289788341625
,162.20468467972103
,262.3842834504283
,242.63212244401325
,117.706845019264
,380.4544129493419
,223.71478425244143
,230.1249808843214
,210.09606775206638
,161.76614465044963
,432.40289895860326
,108.0815874269736
,1155.570267957235
,298.5754668452093
,283.2224317432076
,180.85202022909337
,332.98646596828564
,187.33456977964755
,206.47349011025312
,183.20701813068604
,272.9887298939157
,206.06326694429362
,103.69516186592216
,132.12590972938634
,184.46844942828275
,293.8744602513571
,260.11716720582587
,188.20671998159503
,236.13477054750612
,141.34299371503127
,106.33255021313255
,125.87210652069838
,144.57512437672045
,172.09261583776112
,182.64628675840453
,227.95391331592162
,318.4269271500463
,259.2819910284394
,112.50073340228853
,102.56055173078306
,160.17781222126888
,663.7750218242825
,197.14654079882396
,105.19226877327813
,116.44008167798025
,112.16886485144262
,194.74022337481276
,250.8158765259746
,372.229112814513
,116.43367675976826
,226.20964788981178
,164.1062267276844
,181.68088859257992
,217.20973813153302
,97.22713012021377
,307.6976244132108
,206.92776450020116
,206.67154224514852
,132.07125164678408
,199.28780814650978
,359.3937147661969
,220.73188093648272
,201.6089880469406
,100.64728865184709
,174.5540133334174
,246.94075280944702
,177.67432052266938
,135.1718765206306
,37.89772071523892
,240.05046642222806
,44.54755062137992
,226.5275280256879
,234.6860401754364
,141.59248919758832
,277.05774081096234
,150.37125033280805
,146.52048434862024
,195.72805511750485
,102.85339768904312
,282.3213690942293
,282.0888632170581
,149.7837589442728
,457.1789653607623
,446.9765759849253
,181.86768284554353
,205.0125646518468
,214.51314601824726
,106.65072662129941
,199.99883197885075
,117.51713343012273
,139.4338586023423
,197.89900967470652
,135.43455172495982
,122.215215312723
,387.03866674557594
,353.48165346834946
,380.44765641050645
,546.0989654894778
,561.8006838548908
,475.4937079126394
,303.92649550760893
,25.996844455824245
,198.9064180717163
,239.24694325308536
,123.43551119577536
,203.60368944674318
,211.4749038727947
,157.14552454334043
,137.63268627432637
,192.48727657923948
,144.13303214033706
,286.89575033625573
,244.92249019215492
,141.03601935278377
,118.73139385393694
,220.51065225683337
,200.0243104720619
,168.07579899152813
,206.1270792234925
,187.76790190670377
,98.99114553240598
,185.76239753002537
,220.5059153133142
,163.48093973127598
,34.63396728852844
,219.78789481192925
,52.81114861041025
,168.81083819210258
,167.217518418081
,58.65756773736337
,285.09799052368504
,141.46361917359266
,166.59730301257886
,180.80300013928743
,433.4714191098571
,234.16010331844515
,437.0502913499467
,204.18300173522508
,179.89376720163307
,186.96551250896422
,181.3937124262749
,154.65341922222638
,157.2138740593071
,223.9053506119295
,239.5214247415735
,182.62854260258376
,240.95750564945592
,238.5378816342991
,101.65417939797426
,136.75906060074655
,113.92953211698239
,174.47642772692802
,246.2199664758002
,186.15952561055929
,179.01815294952976
,157.99579906490058
,93.67100811755466
,236.62498141480773
,143.54679636231106
,146.0492875393884
,105.26435958244768
,180.76805072645848
,158.01116753033475
,49.36274342069641
,218.45658678742913
,175.00719544382667
,177.84908652741294
,173.85640029379033
,182.3501295022512
,209.7321402543179
,232.47015555073045
,167.9742622898285
,193.8639324565658
,135.18971984210017
,152.87982445432982
,113.8122134371326
,230.4304470949506
,68.04127359377546
,121.64449267277365
,526.7580815928651
,518.101802586744
,263.2325114555994
,222.36495222842342
,93.409325876765
,192.2084742714144
,118.45936218987042
,122.90207271197447
,333.32088519307
,249.7576170947476
,235.81254301645453
,290.44085360169595
,112.96053882189877
,142.6303710679281
,108.8259522082624
,266.8080876051201
,122.3488511664233
,176.41233958005517
,125.59943793153353
,204.8184039140532
,275.46218659102294
,212.28428683699426
,89.24701965807822
,134.1983197298346
,150.1075632763244
,127.48712018041384
,208.3321305984856
,150.45293449821756
,277.6501280441951
,151.21931880967796
,57.62759508288085
,166.4259716788389
,131.2163680211209
,100.71123366605882
,100.73855649246435
,101.11989457333377
,105.2512630120426
,1387.203036876755
,158.75927814395024
,264.01231322122453
,172.21856189506852
,131.5856916870832
,186.44510164334218
,79.3131290995848
,194.42330201628312
,183.47624547222162
,177.8840605679058
,182.6041769766628
,251.98010116252476
,170.24990401499588
,197.12677025233523
,144.68539329330738
,183.15561213795596
,175.8851824159247
,169.51029931100106
,120.95078719310692
,163.49314637660248
,159.74044341318995
,160.23212584867923
,154.92410180609792
,161.92817534683994
,153.356069031893
,172.2979633273529
,155.56062204527768
,160.5092845956835
,227.12498001209937
,173.36295504665222
,147.33168744253183
,71.19727894630232
,175.8686396219949
,208.5661586063452
,178.36411978259224
,283.17514191939665
,151.63926185807964
,221.77149051707286
,147.79035337404883
,163.2307215152072
,183.0490674733886
,175.16820793506145
,73.03409026680369
,117.8734528212386
,156.2313305586017
,114.34205800369186
,150.66336036285648
,147.3264199671107
,147.72065720539416
,146.65848760239092
,147.15177391460756
,141.3853466976562
,159.51048479800903
,211.15686030673095
,208.24864753415542
,190.6447263285968
,210.82772980061443
,193.6989809086088
,137.0521006857399
,139.59239197491556
,135.6456043105059
,337.6058258869777
,116.77927729514275
,191.6269458135287
,135.94819281498334
,133.68995768902383
,122.46778716681037
,125.60034515497505
,112.6028455300605
,133.8062423536472
,119.44439275203295
,125.61240330922936
,137.1513061252479
,134.56031057433668
,128.48760100742157
,130.5837007861628
,141.5196166472406
,256.66391027603566
,224.15453286980008
,87.55780758220223
,110.76777444601822
,136.04346791576918
,107.54286484363868
,156.9559162746376
,255.12276301060845
,136.9707080410883
,143.05498775637474
,151.30665511193305
,122.24764429629673
,141.64909090102242
,291.02015301535755
,149.0932259276741
,231.48338766884166
,133.68103905065047
,126.30206333338698
,116.87793843070212
,195.10684677119522
,122.04336054921863
,257.78951893598037
,133.2035336237755
,137.36916599529195
,140.47619770982152
,157.7480660110362
,145.87456448746542
,242.16313247493935
,323.90491271767473
,138.02607668180673
,149.79098598412727
,149.74910413994365
,169.42484260834104
,235.85500203899483
,179.80305604227019
,184.15696637045522
,195.814718207125
,191.15405435433095
,173.30263018065259
,196.77996542169353
,197.18353108598203
,146.51053268302886
,145.68498178951717
,164.53901359979784
,170.7424391181847
,138.41444441088316
,174.00085554079982
,161.25814327186762
,168.12361778279353
,161.26355305673604
,295.02740699602094
,621.3253357138027
,178.77306706193204
,159.301592776385
,177.90620927530986
,185.1486924724484
,530.7124321608308
,127.56784089981213
,144.34095745554342
,180.91777122700742
,151.5365658046432
,154.0658388525435
,162.05741013739765
,205.33076276256662
,149.8782515753214
,451.99670733080256
,180.0437294516154
,118.03355546652325
,195.42039857091422
,695.0782191455517
,168.5881383276023
,144.72347986876105
,231.09226199849834
,294.49052680795245
,149.02575690113684
,126.5954576314719
,229.38234265149322
,129.70127186943915
,188.84094773418332
,152.3234420827017
,133.30442003796034
,144.74625744158186
,168.01083945667065
,214.59636105219298
,216.81248180301196
,218.7261091477241
,195.69931165992148
,271.05006034139484
,329.10148657148096
,188.99164045385615
,185.82203394387705
,127.92017777363094
,130.2156737865648
,127.82608844965492
,153.6223516795464
,144.97566097851663
,165.32691446287802
,160.2927506965179
,172.92864937037118
,119.74138409743982
,400.16111686489194
,417.7348915210177
,132.90219401620428
,144.58652864395756
,143.20678435866148
,146.04123280957268
,150.06033608990634
,204.31044195421939
,156.3335956462255
,139.91899926515424
,166.4122219131966
,212.1924991030736
,131.21446128661125
,223.85762083208851
,167.37963404559176
,163.94637673856988
,252.7373395471991
,231.63428505704917
,141.7885144591768
,160.22007949300604
,157.85212987855132
,93.7214183840758
,184.68252682690928
,131.2305980929659
,79.91349551087237
,109.44477643502033
,187.79530346387006
,179.97350002037888
,175.3895542087964
,146.64803969041267
,137.14138397203936
,214.84897832827312
,888.5631986516574
,112.6222026477556
,140.35885615597056
,101.81049347914556
,101.86984948614966
,247.2259814173583
,89.3004920241247
,338.9542980558209
,318.7690058593572
,132.3657288971537
,83.94799960781815
,382.26709761045265
,174.88629709261377
,569.6841525491562
,153.44493116775348
,155.2138893246982
,247.6318474646862
,79.48984798151935
,103.06907825736008
,91.37294727976449
,221.21700854898833
,231.10012142143432
,202.78739823921126
,113.14858876023635
,215.894225927403
,111.50447239257643
,118.7651122880163
,136.14193957010957
,247.0455240230981
,97.55735700442355
,115.59954787097573
,274.03892253749393
,98.6550912633924
,224.16259582896743
,138.8856451815288
,303.6364121149083
,268.96238121479945
,207.0008085136224
,120.68469668941006
,70.46898875262806
,308.7870073301137
,86.51992394706933
,289.37951394268134
,29.17627956894232
,141.33875180254657
,164.03653005915768
,24.072016791274965
,121.81181282580997
,332.0610909514083
,1351.2110826121886
,138.04601772244004
,295.2564888461781
,110.71666214047492
,151.45873202468098
,93.01322613915289
,276.5466254408514
,424.4001232361675
,299.6793257204013
,212.849686491744
,320.72188318739234
,514.2054641345106
,166.4306404124996
,173.26341409004135
,231.15884225823677
,96.10918858878152
,210.44639169326132
,324.54462073020585
,316.24147983833336
,112.83626973024894
,129.15741271654502
,167.14242204553713
,338.03539565225566
,133.70045034576202
,499.9579471251015
,382.44545786373396
,92.08404376571362
,351.14430750766854
,82.88317293310176
,569.7397124787806
,127.55471654229838
,75.75340489680312
,294.01149188218744
,359.86973239837596
,553.3272690658808
,252.12153367555482
,350.95383734122197
,121.90375158860272
,357.37317301280945
,256.448601335236
,249.83644664721558
,335.60267758886096
,410.9969348362646
,226.76004955923094
,78.90301748230179
,98.7502237427781
,99.16232236617607
,281.82329882177964
,109.18481078474692
,327.2367448563425
,431.64034818669097
,303.7643792198783
,255.13616759350333
,312.231691734059
,164.80670665219137
,90.52978739715782
,307.97785752636275
,138.7962911230152
,193.06900804037227
,253.9873446660404
,164.50208363727643
,191.40850730875528
,196.52894145712915
,150.5704969444595
,296.19777319143196
,200.79986028590926
,116.99353864978575
,38.789540605810714
,423.9699565960197
,91.49177426671429
,355.6846113644289
,183.56470815970692
,151.3907152767358
,79.23271992875652
,202.56100426365137
,268.9233081908774
,151.83199624397946
,122.30985308712013
,185.25305341089322
,573.7189657255576
,584.4416716704245
,395.87338309934927
,278.3945388540237
,352.46023172760704
,680.3821971855023
,377.8684587577509
,460.96113621847763
,261.38757188455986
,165.95281346389285
,196.36429239298974
,290.59320755858977
,387.80380853865387
,75.95987590624583
,835.9351666785616
,86.355135378022
,117.09975377017301
,140.70781104632277
,155.88684768384053
,330.2593670128117
,286.2566865851428
,57.87019262132433
,350.09997463114127
,82.62388813199135
,243.68929027332135
,587.2889973285979
,176.00840999532994
,361.8930472055039
,115.0595118589722
,184.3008706439395
,332.73434653098644
,444.31953023095616
,293.8219969023914
,164.91091616997457
,310.58241265402114
,36.32267871980106
,142.36362473882835
,207.1741709321622
,441.42307667006384
,286.37165439965133
,128.38961893260398
,146.6499384698371
,290.4141049971462
,174.2741694228357
,309.2297768339202
,247.7767696810595
,173.51192168816502
,54.1508394672408
,426.5051255696055
,248.93472443626632
,136.31926319278705
,180.09821283927764
,174.19715445912306
,181.31510210487454
,132.95703824497517
,249.94738003623343
,208.40865907042132
,194.15493223810918
,232.75067471681456
,207.14151333243166
,876.0232090105435
,372.28816652314447
,338.99636057494007
,202.356500203074
,217.14273962094344
,357.4500548015695
,144.42613473101363
,441.16607324220286
,210.52956056305896
,86.15830361888405
,112.75581888224237
